Block ID,Instructions,Left Operands,Right Operands,Instruction Entropy,Left Operand Entropy,Right Operand Entropy
1,"push,mov,lea,call,pop,ret,nopl","%rbp,%rsp,0x5f0e(%rip),2170 <_ZNSt8ios_base4InitC1Ev@plt>,0x5df1(%rip),0x5efb(%rip),0x5ee3(%rip),20e0 <__cxa_atexit@plt>,,0x0(%rax)",",%rbp,%rdi,%rsi,%rdx",2.663532754804255,3.277613436819116,1.8676338909712122
10,"push,mov,sub,call,add,pop,ret,nopl","%rbp,%rsp,$0x10,%rdi,-0x8(%rbp),2c30 <_ZNSt6vectorINSt7__cxx1112basic_stringIcSt11char_traitsIcESaIcEEESaIS5_EEC2Ev>,,0x0(%rax,%rax, 1)",",%rbp,%rsp,-0x8(%rbp),%rdi",2.8464393446710154,2.9219280948873627,1.9609640474436811
100,"push,mov,sub,call,lea,jmp,add,pop,ret,xchg","%rbp,%rsp,$0x60,%rdi,%rsi,-0x8(%rbp),%rax,-0x10(%rbp),3740 <_ZNKSt6vectorINSt7__cxx1112basic_stringIcSt11char_traitsIcESaIcEEESaIS5_EE4sizeEv>,3800 <_ZNKSt12_Vector_baseINSt7__cxx1112basic_stringIcSt11char_traitsIcESaIcEEESaIS5_EE19_M_get_Tp_allocatorEv>,-0x18(%rbp),3ff0 <_ZN9__gnu_cxx14__alloc_traitsISaINSt7__cxx1112basic_stringIcSt11char_traitsIcESaIcEEEES6_E17_S_select_on_copyERKS7_>,-0x50(%rbp),-0x48(%rbp),-0x40(%rbp),4020 <_ZNSt12_Vector_baseINSt7__cxx1112basic_stringIcSt11char_traitsIcESaIcEEESaIS5_EEC2EmRKS6_>,3f54 <_ZNSt6vectorINSt7__cxx1112basic_stringIcSt11char_traitsIcESaIcEEESaIS5_EEC2ERKS7_+0x54>,4080 <_ZNSaINSt7__cxx1112basic_stringIcSt11char_traitsIcESaIcEEEED2Ev>,40e0 <_ZNKSt6vectorINSt7__cxx1112basic_stringIcSt11char_traitsIcESaIcEEESaIS5_EE5beginEv>,4110 <_ZNKSt6vectorINSt7__cxx1112basic_stringIcSt11char_traitsIcESaIcEEESaIS5_EE3endEv>,(%rdi),2da0 <_ZNSt12_Vector_baseINSt7__cxx1112basic_stringIcSt11char_traitsIcESaIcEEESaIS5_EE19_M_get_Tp_allocatorEv>,-0x60(%rbp),-0x30(%rbp),-0x38(%rbp),40a0 <_ZSt22__uninitialized_copy_aIN9__gnu_cxx17__normal_iteratorIPKNSt7__cxx1112basic_stringIcSt11char_traitsIcESaIcEEESt6vectorIS7_SaIS7_EEEEPS7_S7_ET0_T_SG_SF_RSaIT1_E>,3fa4 <_ZNSt6vectorINSt7__cxx1112basic_stringIcSt11char_traitsIcESaIcEEESaIS5_EEC2ERKS7_+0xa4>,-0x58(%rbp),%rcx,,%edx,%eax,3fe5 <_ZNSt6vectorINSt7__cxx1112basic_stringIcSt11char_traitsIcESaIcEEESaIS5_EEC2ERKS7_+0xe5>,2db0 <_ZNSt12_Vector_baseINSt7__cxx1112basic_stringIcSt11char_traitsIcESaIcEEESaIS5_EED2Ev>,-0x20(%rbp),21b0 <_Unwind_Resume@plt>,%ax",",%rbp,%rsp,-0x8(%rbp),-0x10(%rbp),%rax,-0x50(%rbp),%rdi,-0x48(%rbp),%rsi,-0x40(%rbp),%rdx,-0x30(%rbp),-0x38(%rbp),-0x60(%rbp),%rcx,-0x58(%rbp),0x8(%rax),%eax,-0x20(%rbp),-0x24(%rbp),%ax",1.8904774309701484,4.813405085335252,3.6060031645974795
101,"push,mov,sub,call,add,pop,ret,nopl","%rbp,%rsp,$0x20,%rdi,%rax,%rsi,-0x10(%rbp),4140 <_ZNSt16allocator_traitsISaINSt7__cxx1112basic_stringIcSt11char_traitsIcESaIcEEEEE37select_on_container_copy_constructionERKS6_>,-0x18(%rbp),,(%rax)",",%rbp,%rsp,%rax,-0x18(%rbp),-0x8(%rbp),-0x10(%rbp),%rsi",2.3068905956085186,3.3735572622751855,2.682588730501833
102,"push,mov,sub,call,jmp,add,pop,ret,nopl","%rbp,%rsp,$0x30,%rdi,%rsi,%rdx,-0x8(%rbp),-0x18(%rbp),41b0 <_ZNSt12_Vector_baseINSt7__cxx1112basic_stringIcSt11char_traitsIcESaIcEEESaIS5_EE12_Vector_implC2ERKS6_>,-0x30(%rbp),-0x10(%rbp),41e0 <_ZNSt12_Vector_baseINSt7__cxx1112basic_stringIcSt11char_traitsIcESaIcEEESaIS5_EE17_M_create_storageEm>,4057 <_ZNSt12_Vector_baseINSt7__cxx1112basic_stringIcSt11char_traitsIcESaIcEEESaIS5_EEC2EmRKS6_+0x37>,,%rax,%edx,%rcx,%eax,2f10 <_ZNSt12_Vector_baseINSt7__cxx1112basic_stringIcSt11char_traitsIcESaIcEEESaIS5_EE12_Vector_implD2Ev>,-0x20(%rbp),21b0 <_Unwind_Resume@plt>,0x0(%rax,%rax, 1)",",%rbp,%rsp,-0x8(%rbp),-0x10(%rbp),-0x18(%rbp),%rdi,-0x30(%rbp),%rsi,%rcx,%eax,-0x20(%rbp),-0x24(%rbp)",2.1387720668284853,4.392747410448787,3.141619525334138
103,"push,mov,sub,call,add,pop,ret,nopl","%rbp,%rsp,$0x10,%rdi,-0x8(%rbp),2f90 <_ZN9__gnu_cxx13new_allocatorINSt7__cxx1112basic_stringIcSt11char_traitsIcESaIcEEEED2Ev>,,0x0(%rax,%rax, 1)",",%rbp,%rsp,-0x8(%rbp),%rdi",2.8464393446710154,2.9219280948873627,1.9609640474436811
104,"push,mov,sub,call,add,pop,ret,nop","%rbp,%rsp,$0x30,%rdi,%rsi,%rdx,%rcx,-0x8(%rbp),%rax,-0x10(%rbp),-0x18(%rbp),-0x28(%rbp),-0x30(%rbp),4230 <_ZSt18uninitialized_copyIN9__gnu_cxx17__normal_iteratorIPKNSt7__cxx1112basic_stringIcSt11char_traitsIcESaIcEEESt6vectorIS7_SaIS7_EEEEPS7_ET0_T_SG_SF_>,",",%rbp,%rsp,-0x8(%rbp),-0x10(%rbp),-0x18(%rbp),-0x20(%rbp),%rax,-0x28(%rbp),-0x30(%rbp),%rdx,%rdi,%rsi",1.9837406708828553,3.826874881864638,3.4263674884732267
105,"push,mov,sub,lea,call,add,pop,ret,cs nopw,nopl","%rbp,%rsp,$0x10,%rdi,-0x10(%rbp),-0x8(%rbp),4440 <_ZN9__gnu_cxx17__normal_iteratorIPKNSt7__cxx1112basic_stringIcSt11char_traitsIcESaIcEEESt6vectorIS6_SaIS6_EEEC2ERKS8_>,,0x0(%rax,%rax, 1),(%rax)",",%rbp,%rsp,-0x10(%rbp),%rsi,%rdi,%rax",3.0850551027564777,3.238901256602631,2.353533948577482
106,"push,mov,sub,add,lea,call,pop,ret,nopw","%rbp,%rsp,$0x10,%rdi,-0x10(%rbp),$0x8,-0x8(%rbp),4440 <_ZN9__gnu_cxx17__normal_iteratorIPKNSt7__cxx1112basic_stringIcSt11char_traitsIcESaIcEEESt6vectorIS6_SaIS6_EEEC2ERKS8_>,,0x0(%rax,%rax, 1)",",%rbp,%rsp,-0x10(%rbp),%rsi,%rdi,%rax",2.931208948910323,3.238901256602631,2.499698143184415
107,"push,mov,sub,call,add,pop,ret,nopl","%rbp,%rsp,$0x20,%rdi,%rax,%rsi,-0x10(%rbp),4170 <_ZNSaINSt7__cxx1112basic_stringIcSt11char_traitsIcESaIcEEEEC2ERKS5_>,-0x18(%rbp),,(%rax)",",%rbp,%rsp,%rax,-0x18(%rbp),-0x8(%rbp),-0x10(%rbp),%rsi",2.3068905956085186,3.3735572622751855,2.682588730501833
108,"push,mov,sub,call,add,pop,ret,cs nopw,nopl","%rbp,%rsp,$0x10,%rdi,%rsi,-0x8(%rbp),-0x10(%rbp),41a0 <_ZN9__gnu_cxx13new_allocatorINSt7__cxx1112basic_stringIcSt11char_traitsIcESaIcEEEEC2ERKS7_>,,0x0(%rax,%rax, 1),(%rax)",",%rbp,%rsp,-0x8(%rbp),-0x10(%rbp),%rdi,%rsi",2.8073904508767225,3.392747410448785,2.353533948577482
109,"push,mov,pop,ret,xchg","%rbp,%rsp,%rdi,%rsi,,%ax",",%rbp,-0x8(%rbp),-0x10(%rbp),%ax",2.1280852788913944,2.521640636343319,2.1280852788913944
11,"push,mov,or,pop,ret,cs nopw,nopl","%rbp,%rsp,%edi,%esi,-0x4(%rbp),-0x8(%rbp),,0x0(%rax,%rax, 1),0x0(%rax)",",%rbp,-0x4(%rbp),-0x8(%rbp),%eax",2.5219280948873624,3.121928094887363,1.9609640474436811
110,"push,mov,sub,call,add,pop,ret","%rbp,%rsp,$0x20,%rdi,%rsi,-0x8(%rbp),-0x10(%rbp),4170 <_ZNSaINSt7__cxx1112basic_stringIcSt11char_traitsIcESaIcEEEEC2ERKS5_>,-0x18(%rbp),2cc0 <_ZNSt12_Vector_baseINSt7__cxx1112basic_stringIcSt11char_traitsIcESaIcEEESaIS5_EE17_Vector_impl_dataC2Ev>,",",%rbp,%rsp,-0x8(%rbp),-0x10(%rbp),%rdi,-0x18(%rbp),%rsi",2.2608203181716595,3.3787834934861762,2.692380602454975
111,"push,mov,sub,call,shl,add,pop,ret,nopw","%rbp,%rsp,$0x20,%rdi,%rsi,-0x8(%rbp),-0x10(%rbp),3640 <_ZNSt12_Vector_baseINSt7__cxx1112basic_stringIcSt11char_traitsIcESaIcEEESaIS5_EE11_M_allocateEm>,%rax,-0x18(%rbp),%rcx,(%rax),$0x5,%rdx,,0x0(%rax,%rax, 1)",",%rbp,%rsp,-0x8(%rbp),-0x10(%rbp),%rdi,-0x18(%rbp),%rsi,%rcx,%rax,(%rax),0x8(%rax),%rdx,0x10(%rax)",2.119085046978471,3.8820451081368623,3.497055848472804
112,"push,mov,sub,movb,call,add,pop,ret,nop","%rbp,%rsp,$0x30,%rdi,%rsi,%rdx,$0x1,-0x8(%rbp),%rax,-0x10(%rbp),-0x18(%rbp),-0x28(%rbp),-0x30(%rbp),4270 <_ZNSt20__uninitialized_copyILb0EE13__uninit_copyIN9__gnu_cxx17__normal_iteratorIPKNSt7__cxx1112basic_stringIcSt11char_traitsIcESaIcEEESt6vectorIS9_SaIS9_EEEEPS9_EET0_T_SI_SH_>,",",%rbp,%rsp,-0x8(%rbp),-0x10(%rbp),-0x18(%rbp),-0x19(%rbp),%rax,-0x28(%rbp),-0x30(%rbp),%rdx,%rdi,%rsi",2.24509868160094,3.826874881864638,3.4263674884732267
113,"push,mov,sub,lea,call,test,jne,jmp,add,pop,ret,cs nopw,nopl","%rbp,%rsp,$0x40,%rdi,%rsi,%rdx,-0x18(%rbp),%rax,-0x8(%rbp),-0x10(%rbp),4360 <_ZN9__gnu_cxxneIPKNSt7__cxx1112basic_stringIcSt11char_traitsIcESaIcEEESt6vectorIS6_SaIS6_EEEEbRKNS_17__normal_iteratorIT_T0_EESH_>,$0x1,42a6 <_ZNSt20__uninitialized_copyILb0EE13__uninit_copyIN9__gnu_cxx17__normal_iteratorIPKNSt7__cxx1112basic_stringIcSt11char_traitsIcESaIcEEESt6vectorIS9_SaIS9_EEEEPS9_EET0_T_SI_SH_+0x36>,431d <_ZNSt20__uninitialized_copyILb0EE13__uninit_copyIN9__gnu_cxx17__normal_iteratorIPKNSt7__cxx1112basic_stringIcSt11char_traitsIcESaIcEEESt6vectorIS9_SaIS9_EEEEPS9_EET0_T_SI_SH_+0xad>,-0x20(%rbp),2ec0 <_ZSt11__addressofINSt7__cxx1112basic_stringIcSt11char_traitsIcESaIcEEEEPT_RS6_>,43f0 <_ZNK9__gnu_cxx17__normal_iteratorIPKNSt7__cxx1112basic_stringIcSt11char_traitsIcESaIcEEESt6vectorIS6_SaIS6_EEEdeEv>,-0x38(%rbp),43b0 <_ZSt10_ConstructINSt7__cxx1112basic_stringIcSt11char_traitsIcESaIcEEEJRKS5_EEvPT_DpOT0_>,42cd <_ZNSt20__uninitialized_copyILb0EE13__uninit_copyIN9__gnu_cxx17__normal_iteratorIPKNSt7__cxx1112basic_stringIcSt11char_traitsIcESaIcEEESt6vectorIS9_SaIS9_EEEEPS9_EET0_T_SI_SH_+0x5d>,42d2 <_ZNSt20__uninitialized_copyILb0EE13__uninit_copyIN9__gnu_cxx17__normal_iteratorIPKNSt7__cxx1112basic_stringIcSt11char_traitsIcESaIcEEESt6vectorIS9_SaIS9_EEEEPS9_EET0_T_SI_SH_+0x62>,4410 <_ZN9__gnu_cxx17__normal_iteratorIPKNSt7__cxx1112basic_stringIcSt11char_traitsIcESaIcEEESt6vectorIS6_SaIS6_EEEppEv>,$0x20,428c <_ZNSt20__uninitialized_copyILb0EE13__uninit_copyIN9__gnu_cxx17__normal_iteratorIPKNSt7__cxx1112basic_stringIcSt11char_traitsIcESaIcEEESt6vectorIS9_SaIS9_EEEEPS9_EET0_T_SI_SH_+0x1c>,%edx,%rcx,%eax,-0x28(%rbp),2070 <__cxa_begin_catch@plt>,2e20 <_ZSt8_DestroyIPNSt7__cxx1112basic_stringIcSt11char_traitsIcESaIcEEEEvT_S7_>,4313 <_ZNSt20__uninitialized_copyILb0EE13__uninit_copyIN9__gnu_cxx17__normal_iteratorIPKNSt7__cxx1112basic_stringIcSt11char_traitsIcESaIcEEESt6vectorIS9_SaIS9_EEEEPS9_EET0_T_SI_SH_+0xa3>,2160 <__cxa_rethrow@plt>,4353 <_ZNSt20__uninitialized_copyILb0EE13__uninit_copyIN9__gnu_cxx17__normal_iteratorIPKNSt7__cxx1112basic_stringIcSt11char_traitsIcESaIcEEESt6vectorIS9_SaIS9_EEEEPS9_EET0_T_SI_SH_+0xe3>,,21a0 <__cxa_end_catch@plt>,433d <_ZNSt20__uninitialized_copyILb0EE13__uninit_copyIN9__gnu_cxx17__normal_iteratorIPKNSt7__cxx1112basic_stringIcSt11char_traitsIcESaIcEEESt6vectorIS9_SaIS9_EEEEPS9_EET0_T_SI_SH_+0xcd>,4342 <_ZNSt20__uninitialized_copyILb0EE13__uninit_copyIN9__gnu_cxx17__normal_iteratorIPKNSt7__cxx1112basic_stringIcSt11char_traitsIcESaIcEEESt6vectorIS9_SaIS9_EEEEPS9_EET0_T_SI_SH_+0xd2>,21b0 <_Unwind_Resume@plt>,2e10 <__clang_call_terminate>,0x0(%rax,%rax, 1),(%rax)",",%rbp,%rsp,-0x8(%rbp),-0x10(%rbp),-0x18(%rbp),%rax,-0x20(%rbp),%rdi,%rsi,%al,-0x38(%rbp),%rcx,%eax,-0x28(%rbp),-0x2c(%rbp)",2.590012871791016,5.096094372131898,3.011785129709089
114,"push,mov,sub,call,cmp,setne,and,movzbl,add,pop,ret,cs nopw,nopl","%rbp,%rsp,$0x20,%rdi,%rsi,-0x8(%rbp),4430 <_ZNK9__gnu_cxx17__normal_iteratorIPKNSt7__cxx1112basic_stringIcSt11char_traitsIcESaIcEEESt6vectorIS6_SaIS6_EEE4baseEv>,(%rax),%rax,-0x10(%rbp),-0x18(%rbp),(%rcx),%al,$0x1,,0x0(%rax,%rax, 1)",",%rbp,%rsp,-0x8(%rbp),-0x10(%rbp),%rdi,%rax,-0x18(%rbp),%rcx,%al,%eax",3.0717350271381707,3.913977073182752,2.970573095811685
115,"push,mov,sub,call,add,pop,ret,cs nopw,nopl","%rbp,%rsp,$0x20,%rdi,%rsi,-0x8(%rbp),%rax,-0x10(%rbp),3500 <_ZSt7forwardIRKNSt7__cxx1112basic_stringIcSt11char_traitsIcESaIcEEEEOT_RNSt16remove_referenceIS8_E4typeE>,-0x18(%rbp),2080 <_ZNSt7__cxx1112basic_stringIcSt11char_traitsIcESaIcEEC1ERKS4_@plt>,,0x0(%rax,%rax, 1),(%rax)",",%rbp,%rsp,-0x8(%rbp),-0x10(%rbp),%rax,-0x18(%rbp),%rdi,%rsi",2.5580510765444573,3.7345216647797512,2.696199049814856
116,"push,mov,pop,ret,cs nopw,nopl","%rbp,%rsp,%rdi,-0x8(%rbp),(%rax),,0x0(%rax,%rax, 1)",",%rbp,-0x8(%rbp),%rax",2.2810361125534233,2.7254805569978675,1.6577427265048892
117,"push,mov,add,pop,ret,nopl","%rbp,%rsp,%rdi,-0x8(%rbp),(%rax),$0x20,%rcx,,0x0(%rax,%rax, 1)",",%rbp,-0x8(%rbp),%rax,%rcx,(%rax)",2.1609640474436813,3.121928094887363,2.321928094887362
118,"push,mov,pop,ret,xchg","%rbp,%rsp,%rdi,-0x8(%rbp),,%ax",",%rbp,-0x8(%rbp),%rax,%ax",2.1280852788913944,2.521640636343319,2.1280852788913944
119,"push,mov,pop,ret,nopl","%rbp,%rsp,%rdi,%rsi,-0x8(%rbp),-0x10(%rbp),(%rcx),%rcx,,0x0(%rax)",",%rbp,-0x8(%rbp),-0x10(%rbp),%rax,%rcx,(%rax)",1.6729330318733677,3.277613436819116,2.5503407095463886
12,"push,mov,sub,cmp,je,call,add,jmp,pop,ret,cs nopw,nopl","%rbp,%rsp,$0x20,%rdi,%rsi,-0x8(%rbp),%rcx,0x8(%rcx),0x10(%rcx),285f <_ZNSt6vectorINSt7__cxx1112basic_stringIcSt11char_traitsIcESaIcEEESaIS5_EE9push_backERKS5_+0x4f>,-0x20(%rbp),%rax,0x8(%rax),-0x10(%rbp),31f0 <_ZNSt16allocator_traitsISaINSt7__cxx1112basic_stringIcSt11char_traitsIcESaIcEEEEE9constructIS5_JRKS5_EEEvRS6_PT_DpOT0_>,287d <_ZNSt6vectorINSt7__cxx1112basic_stringIcSt11char_traitsIcESaIcEEESaIS5_EE9push_backERKS5_+0x6d>,2a30 <_ZNSt6vectorINSt7__cxx1112basic_stringIcSt11char_traitsIcESaIcEEESaIS5_EE3endEv>,-0x18(%rbp),3240 <_ZNSt6vectorINSt7__cxx1112basic_stringIcSt11char_traitsIcESaIcEEESaIS5_EE17_M_realloc_insertIJRKS5_EEEvN9__gnu_cxx17__normal_iteratorIPS5_S7_EEDpOT_>,,0x0(%rax,%rax, 1),(%rax)",",%rbp,%rsp,-0x8(%rbp),-0x10(%rbp),%rcx,-0x20(%rbp),%rax,%rdi,%rsi,%rdx,0x8(%rax),-0x18(%rbp)",2.443326952246091,4.28890976555739,3.2272170014624817
120,"push,mov,sub,call,cmp,jae,lea,add,jb,jbe,jmp,pop,ret,cs nopw","%rbp,%rsp,$0x60,%rdi,%rsi,%rdx,-0x8(%rbp),4670 <_ZNKSt6vectorI6CSVRowSaIS0_EE8max_sizeEv>,-0x38(%rbp),%rax,46a0 <_ZNKSt6vectorI6CSVRowSaIS0_EE4sizeEv>,-0x30(%rbp),%rcx,-0x10(%rbp),44ab <_ZNKSt6vectorI6CSVRowSaIS0_EE12_M_check_lenEmPKc+0x4b>,-0x18(%rbp),2090 <_ZSt20__throw_length_errorPKc@plt>,-0x28(%rbp),3760 <_ZSt3maxImERKT_S2_S2_>,-0x48(%rbp),(%rcx),-0x20(%rbp),-0x40(%rbp),4522 <_ZNKSt6vectorI6CSVRowSaIS0_EE12_M_check_lenEmPKc+0xc2>,-0x50(%rbp),4534 <_ZNKSt6vectorI6CSVRowSaIS0_EE12_M_check_lenEmPKc+0xd4>,453c <_ZNKSt6vectorI6CSVRowSaIS0_EE12_M_check_lenEmPKc+0xdc>,-0x58(%rbp),,0x0(%rax,%rax, 1)",",%rbp,%rsp,-0x8(%rbp),-0x10(%rbp),-0x18(%rbp),%rdi,-0x38(%rbp),-0x30(%rbp),%rcx,%rax,-0x48(%rbp),-0x28(%rbp),%rsi,-0x20(%rbp),-0x40(%rbp),-0x50(%rbp),-0x58(%rbp)",2.395368160311447,4.37766021004877,3.202610682411489
121,"push,mov,sub,call,cqto,idiv,add,pop,ret,cs nopw","%rbp,%rsp,$0x20,%rdi,%rsi,-0x8(%rbp),4630 <_ZNK9__gnu_cxx17__normal_iteratorIP6CSVRowSt6vectorIS1_SaIS1_EEE4baseEv>,(%rax),%rax,-0x10(%rbp),-0x18(%rbp),(%rcx),%rcx,$0x18,,0x0(%rax,%rax, 1)",",%rbp,%rsp,-0x8(%rbp),-0x10(%rbp),%rdi,%rax,-0x18(%rbp),%rcx,%ecx",2.5478976275004666,3.913977073182752,2.879664004902594
122,"push,mov,sub,cmpq,je,call,jmp,xor,add,pop,ret,xchg","%rbp,%rsp,$0x20,%rdi,%rsi,-0x8(%rbp),%rax,$0x0,45d9 <_ZNSt12_Vector_baseI6CSVRowSaIS0_EE11_M_allocateEm+0x39>,-0x18(%rbp),-0x10(%rbp),4780 <_ZNSt16allocator_traitsISaI6CSVRowEE8allocateERS1_m>,45e4 <_ZNSt12_Vector_baseI6CSVRowSaIS0_EE11_M_allocateEm+0x44>,%eax,-0x20(%rbp),,%ax",",%rbp,%rsp,-0x8(%rbp),-0x10(%rbp),%rax,-0x18(%rbp),%rdi,%rsi,-0x20(%rbp),%eax,%ax",2.8585552118703155,3.970573095811686,3.202545961618969
123,"push,mov,sub,call,add,pop,ret,cs nopw,nopl","%rbp,%rsp,$0x30,%rdi,%rsi,%rdx,%rcx,-0x8(%rbp),-0x10(%rbp),-0x18(%rbp),-0x20(%rbp),4820 <_ZNSt6vectorI6CSVRowSaIS0_EE14_S_do_relocateEPS0_S3_S3_RS1_St17integral_constantIbLb1EE>,,0x0(%rax,%rax, 1),(%rax)",",%rbp,%rsp,-0x8(%rbp),-0x10(%rbp),-0x18(%rbp),-0x20(%rbp),%rdi,%rsi,%rdx,%rcx",2.409267252251469,3.85216872360328,3.057476076289931
124,"push,mov,pop,ret,xchg","%rbp,%rsp,%rdi,-0x8(%rbp),,%ax",",%rbp,-0x8(%rbp),%rax,%ax",2.1280852788913944,2.521640636343319,2.1280852788913944
125,"push,mov,sub,call,add,pop,ret,cs nopw,nopl","%rbp,%rsp,$0x10,%rdi,%rsi,-0x8(%rbp),-0x10(%rbp),4bc0 <_ZN9__gnu_cxx13new_allocatorI6CSVRowE7destroyIS1_EEvPT_>,,0x0(%rax,%rax, 1),(%rax)",",%rbp,%rsp,-0x8(%rbp),-0x10(%rbp),%rdi,%rsi",2.8073904508767225,3.392747410448785,2.353533948577482
126,"push,mov,sub,call,add,pop,ret,cs nopw,nopl","%rbp,%rsp,$0x10,%rdi,-0x8(%rbp),4710 <_ZNKSt12_Vector_baseI6CSVRowSaIS0_EE19_M_get_Tp_allocatorEv>,%rax,46d0 <_ZNSt6vectorI6CSVRowSaIS0_EE11_S_max_sizeERKS1_>,,0x0(%rax,%rax, 1),(%rax)",",%rbp,%rsp,-0x8(%rbp),%rdi",2.931208948910323,3.392747410448785,1.881094760110075
127,"push,mov,sub,cqto,idiv,pop,ret,cs nopw,nopl","%rbp,%rsp,%rdi,-0x8(%rbp),0x8(%rcx),(%rcx),%rcx,$0x18,,0x0(%rax,%rax, 1),0x0(%rax)",",%rbp,-0x8(%rbp),%rcx,%rax,%ecx",2.699513850319966,3.3787834934861762,2.1179631753145163
128,"push,mov,sub,movabs,call,lea,add,pop,ret,nopl","%rbp,%rsp,$0x20,%rdi,$0x555555555555555,%rax,-0x8(%rbp),4720 <_ZNSt16allocator_traitsISaI6CSVRowEE8max_sizeERKS1_>,-0x10(%rbp),-0x18(%rbp),3830 <_ZSt3minImERKT_S2_S2_>,(%rax),",",%rbp,%rsp,-0x8(%rbp),%rax,-0x10(%rbp),%rdi,-0x18(%rbp),%rsi",2.9398290174664026,3.616874605956222,2.8221819586428727
129,"push,mov,pop,ret,xchg","%rbp,%rsp,%rdi,-0x8(%rbp),,%ax",",%rbp,-0x8(%rbp),%rax,%ax",2.1280852788913944,2.521640636343319,2.1280852788913944
13,"push,mov,sub,cmp,je,call,add,jmp,pop,ret,cs nopw,nopl","%rbp,%rsp,$0x20,%rdi,%rsi,-0x8(%rbp),%rcx,0x8(%rcx),0x10(%rcx),28df <_ZNSt6vectorI6CSVRowSaIS0_EE9push_backERKS0_+0x4f>,-0x20(%rbp),%rax,0x8(%rax),-0x10(%rbp),3bb0 <_ZNSt16allocator_traitsISaI6CSVRowEE9constructIS0_JRKS0_EEEvRS1_PT_DpOT0_>,$0x18,28fd <_ZNSt6vectorI6CSVRowSaIS0_EE9push_backERKS0_+0x6d>,2960 <_ZNSt6vectorI6CSVRowSaIS0_EE3endEv>,-0x18(%rbp),3c00 <_ZNSt6vectorI6CSVRowSaIS0_EE17_M_realloc_insertIJRKS0_EEEvN9__gnu_cxx17__normal_iteratorIPS0_S2_EEDpOT_>,,0x0(%rax,%rax, 1),(%rax)",",%rbp,%rsp,-0x8(%rbp),-0x10(%rbp),%rcx,-0x20(%rbp),%rax,%rdi,%rsi,%rdx,0x8(%rax),-0x18(%rbp)",2.443326952246091,4.374999999999998,3.2272170014624817
130,"push,mov,sub,call,add,pop,ret,nopl","%rbp,%rsp,$0x10,%rdi,-0x8(%rbp),4740 <_ZNK9__gnu_cxx13new_allocatorI6CSVRowE8max_sizeEv>,,0x0(%rax,%rax, 1)",",%rbp,%rsp,-0x8(%rbp),%rdi",2.8464393446710154,2.9219280948873627,1.9609640474436811
131,"push,mov,sub,call,add,pop,ret,nopl","%rbp,%rsp,$0x10,%rdi,-0x8(%rbp),4760 <_ZNK9__gnu_cxx13new_allocatorI6CSVRowE11_M_max_sizeEv>,,0x0(%rax,%rax, 1)",",%rbp,%rsp,-0x8(%rbp),%rdi",2.8464393446710154,2.9219280948873627,1.9609640474436811
132,"push,mov,movabs,pop,ret,cs nopw,xchg","%rbp,%rsp,%rdi,$0x555555555555555,,0x0(%rax,%rax, 1),%ax",",%rbp,-0x8(%rbp),%rax,%ax",2.75,2.75,2.0
133,"push,mov,sub,xor,call,add,pop,ret,nopw","%rbp,%rsp,$0x10,%rdi,%rsi,-0x8(%rbp),-0x10(%rbp),%eax,47b0 <_ZN9__gnu_cxx13new_allocatorI6CSVRowE8allocateEmPKv>,,0x0(%rax,%rax, 1)",",%rbp,%rsp,-0x8(%rbp),-0x10(%rbp),%rdi,%rsi,%eax,%edx",2.699513850319966,3.3787834934861762,2.835237745312118
134,"push,mov,sub,call,cmp,jbe,movabs,imul,add,pop,ret,cs nopw,nopl","%rbp,%rsp,$0x20,%rdi,%rsi,%rdx,-0x8(%rbp),-0x10(%rbp),%rax,4760 <_ZNK9__gnu_cxx13new_allocatorI6CSVRowE11_M_max_sizeEv>,-0x20(%rbp),%rcx,4803 <_ZN9__gnu_cxx13new_allocatorI6CSVRowE8allocateEmPKv+0x53>,$0xaaaaaaaaaaaaaaa,47fe <_ZN9__gnu_cxx13new_allocatorI6CSVRowE8allocateEmPKv+0x4e>,20d0 <_ZSt28__throw_bad_array_new_lengthv@plt>,2060 <_ZSt17__throw_bad_allocv@plt>,$0x18,-0x10(%rbp),%rdi,2120 <_Znwm@plt>,,0x0(%rax,%rax, 1),(%rax)",",%rbp,%rsp,-0x8(%rbp),-0x10(%rbp),-0x18(%rbp),%rdi,%rax,-0x20(%rbp),%rcx",3.141619525334138,4.363713275750192,2.5843031793467124
135,"push,mov,sub,call,add,pop,ret,cs nopw,nopl","%rbp,%rsp,$0x30,%rdi,%rsi,%rdx,%rcx,-0x10(%rbp),-0x18(%rbp),-0x20(%rbp),-0x28(%rbp),4860 <_ZSt12__relocate_aIP6CSVRowS1_SaIS0_EET0_T_S4_S3_RT1_>,,0x0(%rax,%rax, 1),(%rax)",",%rbp,%rsp,-0x10(%rbp),-0x18(%rbp),-0x20(%rbp),-0x28(%rbp),%rdi,%rsi,%rdx,%rcx",2.409267252251469,3.85216872360328,3.057476076289931
136,"push,mov,sub,call,add,pop,ret,cs nopw,nop","%rbp,%rsp,$0x30,%rdi,%rsi,%rdx,%rcx,-0x8(%rbp),4940 <_ZSt12__niter_baseIP6CSVRowET_S2_>,%rax,-0x10(%rbp),-0x18(%rbp),-0x30(%rbp),-0x28(%rbp),-0x20(%rbp),48c0 <_ZSt14__relocate_a_1IP6CSVRowS1_SaIS0_EET0_T_S4_S3_RT1_>,,0x0(%rax,%rax, 1)",",%rbp,%rsp,-0x8(%rbp),-0x10(%rbp),-0x18(%rbp),-0x20(%rbp),%rdi,-0x30(%rbp),-0x28(%rbp),%rsi,%rdx,%rcx",2.191737433422466,4.023465189601647,3.102683189255492
137,"push,mov,sub,cmp,je,call,add,jmp,pop,ret,nopl","%rbp,%rsp,$0x30,%rdi,%rsi,%rdx,%rcx,-0x18(%rbp),%rax,-0x8(%rbp),-0x10(%rbp),4931 <_ZSt14__relocate_a_1IP6CSVRowS1_SaIS0_EET0_T_S4_S3_RT1_+0x71>,-0x28(%rbp),30f0 <_ZSt11__addressofI6CSVRowEPT_RS1_>,-0x30(%rbp),-0x20(%rbp),4950 <_ZSt19__relocate_object_aI6CSVRowS0_SaIS0_EEvPT_PT0_RT1_>,$0x18,48e0 <_ZSt14__relocate_a_1IP6CSVRowS1_SaIS0_EET0_T_S4_S3_RT1_+0x20>,,0x0(%rax,%rax, 1)",",%rbp,%rsp,-0x8(%rbp),-0x10(%rbp),-0x18(%rbp),-0x20(%rbp),%rax,-0x28(%rbp),%rdi,-0x30(%rbp),%rsi,%rdx",2.3104426720931492,4.1619875896989456,3.1266907098086274
138,"push,mov,pop,ret,xchg","%rbp,%rsp,%rdi,-0x8(%rbp),,%ax",",%rbp,-0x8(%rbp),%rax,%ax",2.1280852788913944,2.521640636343319,2.1280852788913944
139,"push,mov,sub,call,add,pop,ret","%rbp,%rsp,$0x30,%rdi,%rsi,%rdx,-0x18(%rbp),%rax,-0x8(%rbp),-0x10(%rbp),4a00 <_ZSt4moveIR6CSVRowEONSt16remove_referenceIT_E4typeEOS3_>,-0x30(%rbp),-0x28(%rbp),49b0 <_ZNSt16allocator_traitsISaI6CSVRowEE9constructIS0_JS0_EEEvRS1_PT_DpOT0_>,30f0 <_ZSt11__addressofI6CSVRowEPT_RS1_>,-0x20(%rbp),4640 <_ZNSt16allocator_traitsISaI6CSVRowEE7destroyIS0_EEvRS1_PT_>,",",%rbp,%rsp,-0x8(%rbp),-0x10(%rbp),-0x18(%rbp),%rax,-0x30(%rbp),-0x28(%rbp),%rdi,%rsi,%rdx,-0x20(%rbp)",1.720175552708178,3.9462227768166005,3.3001946428885276
14,"push,mov,sub,call,add,pop,ret,nopl","%rbp,%rsp,$0x10,%rdi,-0x8(%rbp),2d00 <_ZNSt6vectorINSt7__cxx1112basic_stringIcSt11char_traitsIcESaIcEEESaIS5_EED2Ev>,,0x0(%rax,%rax, 1)",",%rbp,%rsp,-0x8(%rbp),%rdi",2.8464393446710154,2.9219280948873627,1.9609640474436811
140,"push,mov,sub,call,add,pop,ret,cs nopw,nopl","%rbp,%rsp,$0x30,%rdi,%rsi,%rdx,-0x8(%rbp),%rax,-0x10(%rbp),-0x18(%rbp),4a50 <_ZSt7forwardI6CSVRowEOT_RNSt16remove_referenceIS1_E4typeE>,-0x28(%rbp),-0x20(%rbp),4a10 <_ZN9__gnu_cxx13new_allocatorI6CSVRowE9constructIS1_JS1_EEEvPT_DpOT0_>,,0x0(%rax,%rax, 1),(%rax)",",%rbp,%rsp,-0x8(%rbp),-0x10(%rbp),-0x18(%rbp),%rax,-0x28(%rbp),-0x20(%rbp),%rdi,%rsi,%rdx",2.2485293271285762,3.9754180179138334,3.170818163045273
141,"push,mov,pop,ret,xchg","%rbp,%rsp,%rdi,-0x8(%rbp),,%ax",",%rbp,-0x8(%rbp),%rax,%ax",2.1280852788913944,2.521640636343319,2.1280852788913944
142,"push,mov,sub,call,add,pop,ret,nopw","%rbp,%rsp,$0x20,%rdi,%rsi,%rdx,-0x10(%rbp),%rax,-0x18(%rbp),4a50 <_ZSt7forwardI6CSVRowEOT_RNSt16remove_referenceIS1_E4typeE>,-0x20(%rbp),4a60 <_ZN6CSVRowC2EOS_>,,0x0(%rax,%rax, 1)",",%rbp,%rsp,-0x8(%rbp),-0x10(%rbp),-0x18(%rbp),%rax,-0x20(%rbp),%rdi,%rsi",2.291620193427939,3.7345216647797512,2.9398290174664026
143,"push,mov,pop,ret,xchg","%rbp,%rsp,%rdi,-0x8(%rbp),,%ax",",%rbp,-0x8(%rbp),%rax,%ax",2.1280852788913944,2.521640636343319,2.1280852788913944
144,"push,mov,sub,call,add,pop,ret,cs nopw,nopl","%rbp,%rsp,$0x10,%rdi,%rsi,-0x8(%rbp),-0x10(%rbp),4a90 <_ZNSt6vectorINSt7__cxx1112basic_stringIcSt11char_traitsIcESaIcEEESaIS5_EEC2EOS7_>,,0x0(%rax,%rax, 1),(%rax)",",%rbp,%rsp,-0x8(%rbp),-0x10(%rbp),%rdi,%rsi",2.8073904508767225,3.392747410448785,2.353533948577482
145,"push,mov,sub,call,add,pop,ret,cs nopw,nopl","%rbp,%rsp,$0x10,%rdi,%rsi,-0x8(%rbp),-0x10(%rbp),4ac0 <_ZNSt12_Vector_baseINSt7__cxx1112basic_stringIcSt11char_traitsIcESaIcEEESaIS5_EEC2EOS7_>,,0x0(%rax,%rax, 1),(%rax)",",%rbp,%rsp,-0x8(%rbp),-0x10(%rbp),%rdi,%rsi",2.8073904508767225,3.392747410448785,2.353533948577482
146,"push,mov,sub,call,add,pop,ret,cs nopw,nopl","%rbp,%rsp,$0x10,%rdi,%rsi,-0x8(%rbp),-0x10(%rbp),4af0 <_ZNSt12_Vector_baseINSt7__cxx1112basic_stringIcSt11char_traitsIcESaIcEEESaIS5_EE12_Vector_implC2EOS8_>,,0x0(%rax,%rax, 1),(%rax)",",%rbp,%rsp,-0x8(%rbp),-0x10(%rbp),%rdi,%rsi",2.8073904508767225,3.392747410448785,2.353533948577482
147,"push,mov,sub,call,add,pop,ret,cs nopw,xchg","%rbp,%rsp,$0x30,%rdi,%rsi,-0x8(%rbp),%rax,-0x10(%rbp),4b50 <_ZSt4moveIRNSt12_Vector_baseINSt7__cxx1112basic_stringIcSt11char_traitsIcESaIcEEESaIS6_EE12_Vector_implEEONSt16remove_referenceIT_E4typeEOSC_>,-0x28(%rbp),4170 <_ZNSaINSt7__cxx1112basic_stringIcSt11char_traitsIcESaIcEEEEC2ERKS5_>,-0x20(%rbp),-0x18(%rbp),4b60 <_ZNSt12_Vector_baseINSt7__cxx1112basic_stringIcSt11char_traitsIcESaIcEEESaIS5_EE17_Vector_impl_dataC2EOS8_>,,0x0(%rax,%rax, 1),%ax",",%rbp,%rsp,-0x8(%rbp),-0x10(%rbp),%rax,-0x20(%rbp),-0x28(%rbp),%rdi,%rsi,-0x18(%rbp),%ax",2.191737433422466,3.859470570797252,3.1238561897747243
148,"push,mov,pop,ret,xchg","%rbp,%rsp,%rdi,-0x8(%rbp),,%ax",",%rbp,-0x8(%rbp),%rax,%ax",2.1280852788913944,2.521640636343319,2.1280852788913944
149,"push,mov,movq,pop,ret,nopw","%rbp,%rsp,%rdi,%rsi,-0x8(%rbp),-0x10(%rbp),(%rcx),%rcx,0x8(%rcx),0x10(%rcx),$0x0,,0x0(%rax,%rax, 1)",",%rbp,-0x8(%rbp),-0x10(%rbp),%rax,%rcx,(%rax),0x8(%rax),0x10(%rax)",1.5342190211803401,3.3487989122024966,2.8927021732601896
15,"push,mov,sub,lea,call,add,pop,ret,cs nopw,nopl","%rbp,%rsp,$0x10,%rdi,-0x10(%rbp),-0x8(%rbp),4be0 <_ZN9__gnu_cxx17__normal_iteratorIP6CSVRowSt6vectorIS1_SaIS1_EEEC2ERKS2_>,,0x0(%rax,%rax, 1),(%rax)",",%rbp,%rsp,-0x10(%rbp),%rsi,%rdi,%rax",3.0850551027564777,3.238901256602631,2.353533948577482
150,"push,mov,sub,call,add,pop,ret,nop","%rbp,%rsp,$0x10,%rdi,%rsi,-0x10(%rbp),2910 <_ZN6CSVRowD2Ev>,",",%rbp,%rsp,-0x8(%rbp),-0x10(%rbp),%rdi",2.7321588913645702,2.9139770731827523,2.2221915755066783
151,"push,mov,pop,ret,nopl","%rbp,%rsp,%rdi,%rsi,-0x8(%rbp),-0x10(%rbp),(%rcx),%rcx,,0x0(%rax)",",%rbp,-0x8(%rbp),-0x10(%rbp),%rax,%rcx,(%rax)",1.6729330318733677,3.277613436819116,2.5503407095463886
152,"push,mov,pop,ret","%rbp,%rsp,%rdi,%rsi,-0x8(%rbp),-0x10(%rbp),(%rcx),%rcx,",",%rbp,-0x8(%rbp),-0x10(%rbp),%rax,%rcx,(%rax)",1.3567796494470397,3.121928094887363,2.6464393446710157
16,"push,mov,sub,add,lea,call,pop,ret,nopw","%rbp,%rsp,$0x10,%rdi,-0x10(%rbp),$0x8,-0x8(%rbp),4be0 <_ZN9__gnu_cxx17__normal_iteratorIP6CSVRowSt6vectorIS1_SaIS1_EEEC2ERKS2_>,,0x0(%rax,%rax, 1)",",%rbp,%rsp,-0x10(%rbp),%rsi,%rdi,%rax",2.931208948910323,3.238901256602631,2.499698143184415
17,"push,mov,sub,call,cmp,setne,and,movzbl,add,pop,ret,cs nopw,nopl","%rbp,%rsp,$0x20,%rdi,%rsi,-0x8(%rbp),4630 <_ZNK9__gnu_cxx17__normal_iteratorIP6CSVRowSt6vectorIS1_SaIS1_EEE4baseEv>,(%rax),%rax,-0x10(%rbp),-0x18(%rbp),(%rcx),%al,$0x1,,0x0(%rax,%rax, 1)",",%rbp,%rsp,-0x8(%rbp),-0x10(%rbp),%rdi,%rax,-0x18(%rbp),%rcx,%al,%eax",3.0717350271381707,3.913977073182752,2.970573095811685
18,"push,mov,pop,ret,cs nopw,nopl","%rbp,%rsp,%rdi,-0x8(%rbp),(%rax),,0x0(%rax,%rax, 1)",",%rbp,-0x8(%rbp),%rax",2.2810361125534233,2.7254805569978675,1.6577427265048892
19,"push,mov,sub,lea,call,add,pop,ret,cs nopw,nopl","%rbp,%rsp,$0x10,%rdi,-0x10(%rbp),-0x8(%rbp),4c00 <_ZN9__gnu_cxx17__normal_iteratorIPNSt7__cxx1112basic_stringIcSt11char_traitsIcESaIcEEESt6vectorIS6_SaIS6_EEEC2ERKS7_>,,0x0(%rax,%rax, 1),(%rax)",",%rbp,%rsp,-0x10(%rbp),%rsi,%rdi,%rax",3.0850551027564777,3.238901256602631,2.353533948577482
2,"push,mov,call,pop,ret,nopl","%rbp,%rsp,21f0 <__cxx_global_var_init>,,0x0(%rax,%rax,1)",",%rbp",2.584962500721156,2.251629167387823,0.6500224216483541
20,"push,mov,sub,add,lea,call,pop,ret,nopw","%rbp,%rsp,$0x10,%rdi,-0x10(%rbp),$0x8,-0x8(%rbp),4c00 <_ZN9__gnu_cxx17__normal_iteratorIPNSt7__cxx1112basic_stringIcSt11char_traitsIcESaIcEEESt6vectorIS6_SaIS6_EEEC2ERKS7_>,,0x0(%rax,%rax, 1)",",%rbp,%rsp,-0x10(%rbp),%rsi,%rdi,%rax",2.931208948910323,3.238901256602631,2.499698143184415
21,"push,mov,sub,call,cmp,setne,and,movzbl,add,pop,ret,cs nopw,nopl","%rbp,%rsp,$0x20,%rdi,%rsi,-0x8(%rbp),36d0 <_ZNK9__gnu_cxx17__normal_iteratorIPNSt7__cxx1112basic_stringIcSt11char_traitsIcESaIcEEESt6vectorIS6_SaIS6_EEE4baseEv>,(%rax),%rax,-0x10(%rbp),-0x18(%rbp),(%rcx),%al,$0x1,,0x0(%rax,%rax, 1)",",%rbp,%rsp,-0x8(%rbp),-0x10(%rbp),%rdi,%rax,-0x18(%rbp),%rcx,%al,%eax",3.0717350271381707,3.913977073182752,2.970573095811685
22,"push,mov,pop,ret,cs nopw,nopl","%rbp,%rsp,%rdi,-0x8(%rbp),(%rax),,0x0(%rax,%rax, 1)",",%rbp,-0x8(%rbp),%rax",2.2810361125534233,2.7254805569978675,1.6577427265048892
23,"push,mov,add,pop,ret,nopl","%rbp,%rsp,%rdi,-0x8(%rbp),(%rax),$0x20,%rcx,,0x0(%rax,%rax, 1)",",%rbp,-0x8(%rbp),%rax,%rcx,(%rax)",2.1609640474436813,3.121928094887363,2.321928094887362
24,"push,mov,add,pop,ret,nopl","%rbp,%rsp,%rdi,-0x8(%rbp),(%rax),$0x18,%rcx,,0x0(%rax,%rax, 1)",",%rbp,-0x8(%rbp),%rax,%rcx,(%rax)",2.1609640474436813,3.121928094887363,2.321928094887362
25,"push,mov,sub,call,jmp,add,pop,ret,nopw","%rbp,%rsp,$0x30,%rdi,-0x8(%rbp),(%rdi),%rax,0x8(%rdi),2fd0 <_ZNSt12_Vector_baseI6CSVRowSaIS0_EE19_M_get_Tp_allocatorEv>,-0x28(%rbp),-0x20(%rbp),2fa0 <_ZSt8_DestroyIP6CSVRowS0_EvT_S2_RSaIT0_E>,2b4d <_ZNSt6vectorI6CSVRowSaIS0_EED2Ev+0x3d>,-0x30(%rbp),2fe0 <_ZNSt12_Vector_baseI6CSVRowSaIS0_EED2Ev>,,%edx,%rcx,%eax,-0x10(%rbp),2e10 <__clang_call_terminate>,0x0(%rax,%rax, 1)",",%rbp,%rsp,-0x8(%rbp),%rdi,-0x30(%rbp),%rax,-0x28(%rbp),-0x20(%rbp),%rsi,%rdx,%rcx,%eax,-0x10(%rbp),-0x14(%rbp)",2.0179475789285704,4.306890595608518,3.27925988149817
26,"push,mov,sub,call,add,pop,ret,nopl","%rbp,%rsp,$0x10,%rdi,-0x8(%rbp),2ba0 <_ZNSt12_Vector_baseI6CSVRowSaIS0_EE12_Vector_implC2Ev>,,0x0(%rax,%rax, 1)",",%rbp,%rsp,-0x8(%rbp),%rdi",2.8464393446710154,2.9219280948873627,1.9609640474436811
27,"push,mov,sub,call,add,pop,ret,nopl","%rbp,%rsp,$0x10,%rdi,-0x8(%rbp),2bd0 <_ZNSaI6CSVRowEC2Ev>,-0x10(%rbp),2bf0 <_ZNSt12_Vector_baseI6CSVRowSaIS0_EE17_Vector_impl_dataC2Ev>,,0x0(%rax,%rax, 1)",",%rbp,%rsp,-0x8(%rbp),%rdi,-0x10(%rbp)",2.6535442970305683,3.238901256602631,2.1996877947313282
28,"push,mov,sub,call,add,pop,ret,nopl","%rbp,%rsp,$0x10,%rdi,-0x8(%rbp),2c20 <_ZN9__gnu_cxx13new_allocatorI6CSVRowEC2Ev>,,0x0(%rax,%rax, 1)",",%rbp,%rsp,-0x8(%rbp),%rdi",2.8464393446710154,2.9219280948873627,1.9609640474436811
29,"push,mov,movq,pop,ret,cs nopw,nop","%rbp,%rsp,%rdi,-0x8(%rbp),$0x0,,0x0(%rax,%rax, 1)",",%rbp,-0x8(%rbp),%rax,(%rax),0x8(%rax),0x10(%rax)",2.5949066182439395,2.663532754804255,2.40400975732486
3,"endbr64,xor,mov,pop,and,push,lea,call,hlt,cs nopw",",%ebp,%rdx,%rsi,%rsp,$0xfffffffffffffff0,%rax,%r8d,%ecx,0xd1(%rip),*0x5d7b(%rip),0x0(%rax,%rax,1)",",%ebp,%r9,%rdx,%rsp,%r8d,%ecx,%rdi",3.1820058147602137,3.521640636343318,2.4036774610288023
30,"push,mov,pop,ret,nopw","%rbp,%rsp,%rdi,,0x0(%rax,%rax, 1)",",%rbp,-0x8(%rbp)",2.251629167387823,2.251629167387823,1.2516291673878228
31,"push,mov,sub,call,add,pop,ret,nopl","%rbp,%rsp,$0x10,%rdi,-0x8(%rbp),2c50 <_ZNSt12_Vector_baseINSt7__cxx1112basic_stringIcSt11char_traitsIcESaIcEEESaIS5_EEC2Ev>,,0x0(%rax,%rax, 1)",",%rbp,%rsp,-0x8(%rbp),%rdi",2.8464393446710154,2.9219280948873627,1.9609640474436811
32,"push,mov,sub,call,add,pop,ret,nopl","%rbp,%rsp,$0x10,%rdi,-0x8(%rbp),2c70 <_ZNSt12_Vector_baseINSt7__cxx1112basic_stringIcSt11char_traitsIcESaIcEEESaIS5_EE12_Vector_implC2Ev>,,0x0(%rax,%rax, 1)",",%rbp,%rsp,-0x8(%rbp),%rdi",2.8464393446710154,2.9219280948873627,1.9609640474436811
33,"push,mov,sub,call,add,pop,ret,nopl","%rbp,%rsp,$0x10,%rdi,-0x8(%rbp),2ca0 <_ZNSaINSt7__cxx1112basic_stringIcSt11char_traitsIcESaIcEEEEC2Ev>,-0x10(%rbp),2cc0 <_ZNSt12_Vector_baseINSt7__cxx1112basic_stringIcSt11char_traitsIcESaIcEEESaIS5_EE17_Vector_impl_dataC2Ev>,,0x0(%rax,%rax, 1)",",%rbp,%rsp,-0x8(%rbp),%rdi,-0x10(%rbp)",2.6535442970305683,3.238901256602631,2.1996877947313282
34,"push,mov,sub,call,add,pop,ret,nopl","%rbp,%rsp,$0x10,%rdi,-0x8(%rbp),2cf0 <_ZN9__gnu_cxx13new_allocatorINSt7__cxx1112basic_stringIcSt11char_traitsIcESaIcEEEEC2Ev>,,0x0(%rax,%rax, 1)",",%rbp,%rsp,-0x8(%rbp),%rdi",2.8464393446710154,2.9219280948873627,1.9609640474436811
35,"push,mov,movq,pop,ret,cs nopw,nop","%rbp,%rsp,%rdi,-0x8(%rbp),$0x0,,0x0(%rax,%rax, 1)",",%rbp,-0x8(%rbp),%rax,(%rax),0x8(%rax),0x10(%rax)",2.5949066182439395,2.663532754804255,2.40400975732486
36,"push,mov,pop,ret,nopw","%rbp,%rsp,%rdi,,0x0(%rax,%rax, 1)",",%rbp,-0x8(%rbp)",2.251629167387823,2.251629167387823,1.2516291673878228
37,"push,mov,sub,call,jmp,add,pop,ret,nopw","%rbp,%rsp,$0x30,%rdi,-0x8(%rbp),(%rdi),%rax,0x8(%rdi),2da0 <_ZNSt12_Vector_baseINSt7__cxx1112basic_stringIcSt11char_traitsIcESaIcEEESaIS5_EE19_M_get_Tp_allocatorEv>,-0x28(%rbp),-0x20(%rbp),2d70 <_ZSt8_DestroyIPNSt7__cxx1112basic_stringIcSt11char_traitsIcESaIcEEES5_EvT_S7_RSaIT0_E>,2d3d <_ZNSt6vectorINSt7__cxx1112basic_stringIcSt11char_traitsIcESaIcEEESaIS5_EED2Ev+0x3d>,-0x30(%rbp),2db0 <_ZNSt12_Vector_baseINSt7__cxx1112basic_stringIcSt11char_traitsIcESaIcEEESaIS5_EED2Ev>,,%edx,%rcx,%eax,-0x10(%rbp),2e10 <__clang_call_terminate>,0x0(%rax,%rax, 1)",",%rbp,%rsp,-0x8(%rbp),%rdi,-0x30(%rbp),%rax,-0x28(%rbp),-0x20(%rbp),%rsi,%rdx,%rcx,%eax,-0x10(%rbp),-0x14(%rbp)",2.0179475789285704,4.306890595608518,3.27925988149817
38,"push,mov,sub,call,add,pop,ret,nopw","%rbp,%rsp,$0x20,%rdi,%rsi,%rdx,-0x8(%rbp),-0x10(%rbp),2e20 <_ZSt8_DestroyIPNSt7__cxx1112basic_stringIcSt11char_traitsIcESaIcEEEEvT_S7_>,,0x0(%rax,%rax, 1)",",%rbp,%rsp,-0x8(%rbp),-0x10(%rbp),-0x18(%rbp),%rdi,%rsi",2.5073801024236357,3.392747410448785,2.6535442970305683
39,"push,mov,pop,ret,xchg","%rbp,%rsp,%rdi,-0x8(%rbp),,%ax",",%rbp,-0x8(%rbp),%rax,%ax",2.1280852788913944,2.521640636343319,2.1280852788913944
4,"lea,cmp,je,mov,test,jmp,nopl,ret","0x5ea1(%rip),0x5e9a(%rip),%rdi,2288 <deregister_tm_clones+0x28>,0x5d66(%rip),%rax,*%rax,0x0(%rax),","%rdi,%rax,",2.9139770731827523,3.095795255000934,1.3221793455166666
40,"push,mov,sub,sar,call,jmp,add,pop,ret,nopl","%rbp,%rsp,$0x20,%rdi,-0x8(%rbp),(%rdi),0x10(%rdi),%rsi,$0x5,2ed0 <_ZNSt12_Vector_baseINSt7__cxx1112basic_stringIcSt11char_traitsIcESaIcEEESaIS5_EE13_M_deallocateEPS5_m>,2ddc <_ZNSt12_Vector_baseINSt7__cxx1112basic_stringIcSt11char_traitsIcESaIcEEESaIS5_EED2Ev+0x2c>,-0x20(%rbp),2f10 <_ZNSt12_Vector_baseINSt7__cxx1112basic_stringIcSt11char_traitsIcESaIcEEESaIS5_EE12_Vector_implD2Ev>,,%rax,%edx,%rcx,%eax,-0x10(%rbp),2e10 <__clang_call_terminate>,0x0(%rax)",",%rbp,%rsp,-0x8(%rbp),%rdi,-0x20(%rbp),%rsi,%rdx,%rcx,%eax,-0x10(%rbp),-0x14(%rbp)",2.4656044744551617,4.315824333525709,3.0356623137124665
41,"push,call,nopl","%rax,2070 <__cxa_begin_catch@plt>,2050 <_ZSt9terminatev@plt>,0x0(%rax,%rax, 1)",,1.5,2.0,0.0
42,"push,mov,sub,call,add,pop,ret,cs nopw,nopl","%rbp,%rsp,$0x10,%rdi,%rsi,-0x8(%rbp),-0x10(%rbp),2e50 <_ZNSt12_Destroy_auxILb0EE9__destroyIPNSt7__cxx1112basic_stringIcSt11char_traitsIcESaIcEEEEEvT_S9_>,,0x0(%rax,%rax, 1),(%rax)",",%rbp,%rsp,-0x8(%rbp),-0x10(%rbp),%rdi,%rsi",2.8073904508767225,3.392747410448785,2.353533948577482
43,"push,mov,sub,cmp,je,call,add,jmp,pop,ret,cs nopw","%rbp,%rsp,$0x10,%rdi,%rsi,-0x8(%rbp),-0x10(%rbp),2e90 <_ZNSt12_Destroy_auxILb0EE9__destroyIPNSt7__cxx1112basic_stringIcSt11char_traitsIcESaIcEEEEEvT_S9_+0x40>,2ec0 <_ZSt11__addressofINSt7__cxx1112basic_stringIcSt11char_traitsIcESaIcEEEEPT_RS6_>,%rax,2ea0 <_ZSt8_DestroyINSt7__cxx1112basic_stringIcSt11char_traitsIcESaIcEEEEvPT_>,$0x20,2e60 <_ZNSt12_Destroy_auxILb0EE9__destroyIPNSt7__cxx1112basic_stringIcSt11char_traitsIcESaIcEEEEEvT_S9_+0x10>,,0x0(%rax,%rax, 1)",",%rbp,%rsp,-0x8(%rbp),-0x10(%rbp),%rax,%rdi",2.9219280948873623,3.7841837197791883,2.421928094887362
44,"push,mov,sub,call,add,pop,ret,nopl","%rbp,%rsp,$0x10,%rdi,-0x8(%rbp),20b0 <_ZNSt7__cxx1112basic_stringIcSt11char_traitsIcESaIcEED1Ev@plt>,,0x0(%rax,%rax, 1)",",%rbp,%rsp,-0x8(%rbp),%rdi",2.8464393446710154,2.9219280948873627,1.9609640474436811
45,"push,mov,pop,ret,xchg","%rbp,%rsp,%rdi,-0x8(%rbp),,%ax",",%rbp,-0x8(%rbp),%rax,%ax",2.1280852788913944,2.521640636343319,2.1280852788913944
46,"push,mov,sub,cmpq,je,call,add,pop,ret,xchg","%rbp,%rsp,$0x20,%rdi,%rsi,%rdx,-0x8(%rbp),%rax,$0x0,2f08 <_ZNSt12_Vector_baseINSt7__cxx1112basic_stringIcSt11char_traitsIcESaIcEEESaIS5_EE13_M_deallocateEPS5_m+0x38>,-0x20(%rbp),-0x10(%rbp),-0x18(%rbp),2f30 <_ZNSt16allocator_traitsISaINSt7__cxx1112basic_stringIcSt11char_traitsIcESaIcEEEEE10deallocateERS6_PS5_m>,,%ax",",%rbp,%rsp,-0x8(%rbp),-0x10(%rbp),-0x18(%rbp),%rax,-0x20(%rbp),%rdi,%rsi,%rdx,%ax",2.584962500721156,3.9477027792200907,3.30272275286249
47,"push,mov,sub,call,add,pop,ret,nopl","%rbp,%rsp,$0x10,%rdi,-0x8(%rbp),4080 <_ZNSaINSt7__cxx1112basic_stringIcSt11char_traitsIcESaIcEEEED2Ev>,,0x0(%rax,%rax, 1)",",%rbp,%rsp,-0x8(%rbp),%rdi",2.8464393446710154,2.9219280948873627,1.9609640474436811
48,"push,mov,sub,call,add,pop,ret,nopl","%rbp,%rsp,$0x20,%rdi,%rsi,%rdx,-0x8(%rbp),-0x10(%rbp),-0x18(%rbp),2f60 <_ZN9__gnu_cxx13new_allocatorINSt7__cxx1112basic_stringIcSt11char_traitsIcESaIcEEEE10deallocateEPS6_m>,,0x0(%rax,%rax, 1)",",%rbp,%rsp,-0x8(%rbp),-0x10(%rbp),-0x18(%rbp),%rdi,%rsi,%rdx",2.4036774610288023,3.521640636343318,2.835237745312118
49,"push,mov,sub,call,add,pop,ret,cs nopw,nopl","%rbp,%rsp,$0x20,%rdi,%rsi,%rdx,-0x10(%rbp),2100 <_ZdlPv@plt>,,0x0(%rax,%rax, 1),(%rax)",",%rbp,%rsp,-0x8(%rbp),-0x10(%rbp),-0x18(%rbp),%rdi",2.8073904508767225,3.392747410448785,2.353533948577482
5,"lea,sub,mov,shr,sar,add,je,test,jmp,nopw,ret,nopl","0x5e71(%rip),0x5e6a(%rip),%rdi,%rsi,$0x3f,$0x3,%rax,22c8 <register_tm_clones+0x38>,0x5d35(%rip),*%rax,0x0(%rax,%rax, 1),,0x0(%rax)","%rdi,%rsi,%rax,",3.5,3.6250000000000004,1.7717822215997985
50,"push,mov,pop,ret,nopw","%rbp,%rsp,%rdi,,0x0(%rax,%rax, 1)",",%rbp,-0x8(%rbp)",2.251629167387823,2.251629167387823,1.2516291673878228
51,"push,mov,sub,call,add,pop,ret,nopw","%rbp,%rsp,$0x20,%rdi,%rsi,%rdx,-0x8(%rbp),-0x10(%rbp),3050 <_ZSt8_DestroyIP6CSVRowEvT_S2_>,,0x0(%rax,%rax, 1)",",%rbp,%rsp,-0x8(%rbp),-0x10(%rbp),-0x18(%rbp),%rdi,%rsi",2.5073801024236357,3.392747410448785,2.6535442970305683
52,"push,mov,pop,ret,xchg","%rbp,%rsp,%rdi,-0x8(%rbp),,%ax",",%rbp,-0x8(%rbp),%rax,%ax",2.1280852788913944,2.521640636343319,2.1280852788913944
53,"push,mov,sub,sar,movabs,imul,call,jmp,add,pop,ret,nopw","%rbp,%rsp,$0x20,%rdi,-0x8(%rbp),(%rdi),0x10(%rdi),%rsi,$0x3,$0xaaaaaaaaaaaaaaab,%rax,3100 <_ZNSt12_Vector_baseI6CSVRowSaIS0_EE13_M_deallocateEPS0_m>,301a <_ZNSt12_Vector_baseI6CSVRowSaIS0_EED2Ev+0x3a>,-0x20(%rbp),3140 <_ZNSt12_Vector_baseI6CSVRowSaIS0_EE12_Vector_implD2Ev>,,%edx,%rcx,%eax,-0x10(%rbp),2e10 <__clang_call_terminate>,0x0(%rax,%rax, 1)",",%rbp,%rsp,-0x8(%rbp),%rdi,-0x20(%rbp),%rsi,%rdx,%rax,%rcx,%eax,-0x10(%rbp),-0x14(%rbp)",2.7321507672063827,4.378783493486177,3.145593314451147
54,"push,mov,sub,call,add,pop,ret,cs nopw,nopl","%rbp,%rsp,$0x10,%rdi,%rsi,-0x8(%rbp),-0x10(%rbp),3080 <_ZNSt12_Destroy_auxILb0EE9__destroyIP6CSVRowEEvT_S4_>,,0x0(%rax,%rax, 1),(%rax)",",%rbp,%rsp,-0x8(%rbp),-0x10(%rbp),%rdi,%rsi",2.8073904508767225,3.392747410448785,2.353533948577482
55,"push,mov,sub,cmp,je,call,add,jmp,pop,ret,cs nopw","%rbp,%rsp,$0x10,%rdi,%rsi,-0x8(%rbp),-0x10(%rbp),30c0 <_ZNSt12_Destroy_auxILb0EE9__destroyIP6CSVRowEEvT_S4_+0x40>,30f0 <_ZSt11__addressofI6CSVRowEPT_RS1_>,%rax,30d0 <_ZSt8_DestroyI6CSVRowEvPT_>,$0x18,3090 <_ZNSt12_Destroy_auxILb0EE9__destroyIP6CSVRowEEvT_S4_+0x10>,,0x0(%rax,%rax, 1)",",%rbp,%rsp,-0x8(%rbp),-0x10(%rbp),%rax,%rdi",2.9219280948873623,3.7841837197791883,2.421928094887362
56,"push,mov,sub,call,add,pop,ret,nopl","%rbp,%rsp,$0x10,%rdi,-0x8(%rbp),2910 <_ZN6CSVRowD2Ev>,,0x0(%rax,%rax, 1)",",%rbp,%rsp,-0x8(%rbp),%rdi",2.8464393446710154,2.9219280948873627,1.9609640474436811
57,"push,mov,pop,ret,xchg","%rbp,%rsp,%rdi,-0x8(%rbp),,%ax",",%rbp,-0x8(%rbp),%rax,%ax",2.1280852788913944,2.521640636343319,2.1280852788913944
58,"push,mov,sub,cmpq,je,call,add,pop,ret,xchg","%rbp,%rsp,$0x20,%rdi,%rsi,%rdx,-0x8(%rbp),%rax,$0x0,3138 <_ZNSt12_Vector_baseI6CSVRowSaIS0_EE13_M_deallocateEPS0_m+0x38>,-0x20(%rbp),-0x10(%rbp),-0x18(%rbp),3160 <_ZNSt16allocator_traitsISaI6CSVRowEE10deallocateERS1_PS0_m>,,%ax",",%rbp,%rsp,-0x8(%rbp),-0x10(%rbp),-0x18(%rbp),%rax,-0x20(%rbp),%rdi,%rsi,%rdx,%ax",2.584962500721156,3.9477027792200907,3.30272275286249
59,"push,mov,sub,call,add,pop,ret,nopl","%rbp,%rsp,$0x10,%rdi,-0x8(%rbp),31c0 <_ZNSaI6CSVRowED2Ev>,,0x0(%rax,%rax, 1)",",%rbp,%rsp,-0x8(%rbp),%rdi",2.8464393446710154,2.9219280948873627,1.9609640474436811
6,"endbr64,cmpb,jne,push,cmpq,mov,je,call,movb,pop,ret,nopl",",$0x0,2308 <__do_global_dtors_aux+0x38>,%rbp,%rsp,22f7 <__do_global_dtors_aux+0x27>,0x5e06(%rip),21e0 <__cxa_finalize@plt>,2260 <deregister_tm_clones>,$0x1,(%rax),0x0(%rax)",",0x5e2d(%rip),0x5cda(%rip),%rbp,%rdi,0x5e05(%rip)",3.5,3.452819531114783,1.621640762186858
60,"push,mov,sub,call,add,pop,ret,nopl","%rbp,%rsp,$0x20,%rdi,%rsi,%rdx,-0x8(%rbp),-0x10(%rbp),-0x18(%rbp),3190 <_ZN9__gnu_cxx13new_allocatorI6CSVRowE10deallocateEPS1_m>,,0x0(%rax,%rax, 1)",",%rbp,%rsp,-0x8(%rbp),-0x10(%rbp),-0x18(%rbp),%rdi,%rsi,%rdx",2.4036774610288023,3.521640636343318,2.835237745312118
61,"push,mov,sub,call,add,pop,ret,cs nopw,nopl","%rbp,%rsp,$0x20,%rdi,%rsi,%rdx,-0x10(%rbp),2100 <_ZdlPv@plt>,,0x0(%rax,%rax, 1),(%rax)",",%rbp,%rsp,-0x8(%rbp),-0x10(%rbp),-0x18(%rbp),%rdi",2.8073904508767225,3.392747410448785,2.353533948577482
62,"push,mov,sub,call,add,pop,ret,nopl","%rbp,%rsp,$0x10,%rdi,-0x8(%rbp),31e0 <_ZN9__gnu_cxx13new_allocatorI6CSVRowED2Ev>,,0x0(%rax,%rax, 1)",",%rbp,%rsp,-0x8(%rbp),%rdi",2.8464393446710154,2.9219280948873627,1.9609640474436811
63,"push,mov,pop,ret,nopw","%rbp,%rsp,%rdi,,0x0(%rax,%rax, 1)",",%rbp,-0x8(%rbp)",2.251629167387823,2.251629167387823,1.2516291673878228
64,"push,mov,sub,call,add,pop,ret,cs nopw,nopl","%rbp,%rsp,$0x30,%rdi,%rsi,%rdx,-0x8(%rbp),%rax,-0x10(%rbp),-0x18(%rbp),3500 <_ZSt7forwardIRKNSt7__cxx1112basic_stringIcSt11char_traitsIcESaIcEEEEOT_RNSt16remove_referenceIS8_E4typeE>,-0x28(%rbp),-0x20(%rbp),34c0 <_ZN9__gnu_cxx13new_allocatorINSt7__cxx1112basic_stringIcSt11char_traitsIcESaIcEEEE9constructIS6_JRKS6_EEEvPT_DpOT0_>,,0x0(%rax,%rax, 1),(%rax)",",%rbp,%rsp,-0x8(%rbp),-0x10(%rbp),-0x18(%rbp),%rax,-0x28(%rbp),-0x20(%rbp),%rdi,%rsi,%rdx",2.2485293271285762,3.9754180179138334,3.170818163045273
65,"push,mov,sub,lea,call,shl,add,jmp,movq,cmpq,jne,sar,pop,ret,cs nopw,xchg","%rbp,%rsp,$0xb0,%rsi,%rdi,%rdx,-0x10(%rbp),0x1dc7(%rip),$0x1,3510 <_ZNKSt6vectorINSt7__cxx1112basic_stringIcSt11char_traitsIcESaIcEEESaIS5_EE12_M_check_lenEmPKc>,-0x70(%rbp),%rax,(%rdi),0x8(%rdi),2a00 <_ZNSt6vectorINSt7__cxx1112basic_stringIcSt11char_traitsIcESaIcEEESaIS5_EE5beginEv>,-0x8(%rbp),-0x40(%rbp),3600 <_ZN9__gnu_cxxmiIPNSt7__cxx1112basic_stringIcSt11char_traitsIcESaIcEEESt6vectorIS6_SaIS6_EEEENS_17__normal_iteratorIT_T0_E15difference_typeERKSE_SH_>,-0x20(%rbp),3640 <_ZNSt12_Vector_baseINSt7__cxx1112basic_stringIcSt11char_traitsIcESaIcEEESaIS5_EE11_M_allocateEm>,-0x48(%rbp),-0x38(%rbp),$0x5,%rcx,-0x18(%rbp),3500 <_ZSt7forwardIRKNSt7__cxx1112basic_stringIcSt11char_traitsIcESaIcEEEEOT_RNSt16remove_referenceIS8_E4typeE>,-0x68(%rbp),31f0 <_ZNSt16allocator_traitsISaINSt7__cxx1112basic_stringIcSt11char_traitsIcESaIcEEEEE9constructIS5_JRKS5_EEEvRS6_PT_DpOT0_>,32eb <_ZNSt6vectorINSt7__cxx1112basic_stringIcSt11char_traitsIcESaIcEEESaIS5_EE17_M_realloc_insertIJRKS5_EEEvN9__gnu_cxx17__normal_iteratorIPS5_S7_EEDpOT_+0xab>,$0x0,-0x28(%rbp),36d0 <_ZNK9__gnu_cxx17__normal_iteratorIPNSt7__cxx1112basic_stringIcSt11char_traitsIcESaIcEEESt6vectorIS6_SaIS6_EEE4baseEv>,(%rax),2da0 <_ZNSt12_Vector_baseINSt7__cxx1112basic_stringIcSt11char_traitsIcESaIcEEESaIS5_EE19_M_get_Tp_allocatorEv>,-0xa0(%rbp),-0x98(%rbp),-0x90(%rbp),3690 <_ZNSt6vectorINSt7__cxx1112basic_stringIcSt11char_traitsIcESaIcEEESaIS5_EE11_S_relocateEPS5_S8_S8_RS6_>,-0x50(%rbp),$0x20,-0x30(%rbp),-0x88(%rbp),-0x80(%rbp),-0x78(%rbp),3455 <_ZNSt6vectorINSt7__cxx1112basic_stringIcSt11char_traitsIcESaIcEEESaIS5_EE17_M_realloc_insertIJRKS5_EEEvN9__gnu_cxx17__normal_iteratorIPS5_S7_EEDpOT_+0x215>,%edx,%eax,-0x58(%rbp),2070 <__cxa_begin_catch@plt>,33db <_ZNSt6vectorINSt7__cxx1112basic_stringIcSt11char_traitsIcESaIcEEESaIS5_EE17_M_realloc_insertIJRKS5_EEEvN9__gnu_cxx17__normal_iteratorIPS5_S7_EEDpOT_+0x19b>,36e0 <_ZNSt16allocator_traitsISaINSt7__cxx1112basic_stringIcSt11char_traitsIcESaIcEEEEE7destroyIS5_EEvRS6_PT_>,3430 <_ZNSt6vectorINSt7__cxx1112basic_stringIcSt11char_traitsIcESaIcEEESaIS5_EE17_M_realloc_insertIJRKS5_EEEvN9__gnu_cxx17__normal_iteratorIPS5_S7_EEDpOT_+0x1f0>,-0xb0(%rbp),-0xa8(%rbp),2d70 <_ZSt8_DestroyIPNSt7__cxx1112basic_stringIcSt11char_traitsIcESaIcEEES5_EvT_S7_RSaIT0_E>,3415 <_ZNSt6vectorINSt7__cxx1112basic_stringIcSt11char_traitsIcESaIcEEESaIS5_EE17_M_realloc_insertIJRKS5_EEEvN9__gnu_cxx17__normal_iteratorIPS5_S7_EEDpOT_+0x1d5>,21a0 <__cxa_end_catch@plt>,3450 <_ZNSt6vectorINSt7__cxx1112basic_stringIcSt11char_traitsIcESaIcEEESaIS5_EE17_M_realloc_insertIJRKS5_EEEvN9__gnu_cxx17__normal_iteratorIPS5_S7_EEDpOT_+0x210>,2ed0 <_ZNSt12_Vector_baseINSt7__cxx1112basic_stringIcSt11char_traitsIcESaIcEEESaIS5_EE13_M_deallocateEPS5_m>,3446 <_ZNSt6vectorINSt7__cxx1112basic_stringIcSt11char_traitsIcESaIcEEESaIS5_EE17_M_realloc_insertIJRKS5_EEEvN9__gnu_cxx17__normal_iteratorIPS5_S7_EEDpOT_+0x206>,2160 <__cxa_rethrow@plt>,34b4 <_ZNSt6vectorINSt7__cxx1112basic_stringIcSt11char_traitsIcESaIcEEESaIS5_EE17_M_realloc_insertIJRKS5_EEEvN9__gnu_cxx17__normal_iteratorIPS5_S7_EEDpOT_+0x274>,34a3 <_ZNSt6vectorINSt7__cxx1112basic_stringIcSt11char_traitsIcESaIcEEESaIS5_EE17_M_realloc_insertIJRKS5_EEEvN9__gnu_cxx17__normal_iteratorIPS5_S7_EEDpOT_+0x263>,0x10(%rax),,21b0 <_Unwind_Resume@plt>,2e10 <__clang_call_terminate>,0x0(%rax,%rax, 1),%ax",",%rbp,%rsp,-0x8(%rbp),-0x10(%rbp),-0x18(%rbp),%rdi,-0x70(%rbp),%rdx,%esi,-0x20(%rbp),%rax,-0x28(%rbp),-0x30(%rbp),-0x40(%rbp),%rsi,-0x38(%rbp),-0x48(%rbp),-0x50(%rbp),%rcx,-0x68(%rbp),-0xa0(%rbp),-0x98(%rbp),-0x90(%rbp),-0x88(%rbp),-0x80(%rbp),-0x78(%rbp),%eax,-0x58(%rbp),-0x5c(%rbp),-0xb0(%rbp),-0xa8(%rbp),(%rax),0x8(%rax),0x10(%rax),%ax",2.0609183853723474,5.29509815599951,3.8542320345341134
66,"push,mov,sub,call,add,pop,ret,nopw","%rbp,%rsp,$0x20,%rdi,%rsi,%rdx,-0x10(%rbp),%rax,-0x18(%rbp),3500 <_ZSt7forwardIRKNSt7__cxx1112basic_stringIcSt11char_traitsIcESaIcEEEEOT_RNSt16remove_referenceIS8_E4typeE>,-0x20(%rbp),2080 <_ZNSt7__cxx1112basic_stringIcSt11char_traitsIcESaIcEEC1ERKS4_@plt>,,0x0(%rax,%rax, 1)",",%rbp,%rsp,-0x8(%rbp),-0x10(%rbp),-0x18(%rbp),%rax,-0x20(%rbp),%rdi,%rsi",2.291620193427939,3.7345216647797512,2.9398290174664026
67,"push,mov,pop,ret,xchg","%rbp,%rsp,%rdi,-0x8(%rbp),,%ax",",%rbp,-0x8(%rbp),%rax,%ax",2.1280852788913944,2.521640636343319,2.1280852788913944
68,"push,mov,sub,call,cmp,jae,lea,add,jb,jbe,jmp,pop,ret,cs nopw","%rbp,%rsp,$0x60,%rdi,%rsi,%rdx,-0x8(%rbp),3710 <_ZNKSt6vectorINSt7__cxx1112basic_stringIcSt11char_traitsIcESaIcEEESaIS5_EE8max_sizeEv>,-0x38(%rbp),%rax,3740 <_ZNKSt6vectorINSt7__cxx1112basic_stringIcSt11char_traitsIcESaIcEEESaIS5_EE4sizeEv>,-0x30(%rbp),%rcx,-0x10(%rbp),355b <_ZNKSt6vectorINSt7__cxx1112basic_stringIcSt11char_traitsIcESaIcEEESaIS5_EE12_M_check_lenEmPKc+0x4b>,-0x18(%rbp),2090 <_ZSt20__throw_length_errorPKc@plt>,-0x28(%rbp),3760 <_ZSt3maxImERKT_S2_S2_>,-0x48(%rbp),(%rcx),-0x20(%rbp),-0x40(%rbp),35d2 <_ZNKSt6vectorINSt7__cxx1112basic_stringIcSt11char_traitsIcESaIcEEESaIS5_EE12_M_check_lenEmPKc+0xc2>,-0x50(%rbp),35e4 <_ZNKSt6vectorINSt7__cxx1112basic_stringIcSt11char_traitsIcESaIcEEESaIS5_EE12_M_check_lenEmPKc+0xd4>,35ec <_ZNKSt6vectorINSt7__cxx1112basic_stringIcSt11char_traitsIcESaIcEEESaIS5_EE12_M_check_lenEmPKc+0xdc>,-0x58(%rbp),,0x0(%rax,%rax, 1)",",%rbp,%rsp,-0x8(%rbp),-0x10(%rbp),-0x18(%rbp),%rdi,-0x38(%rbp),-0x30(%rbp),%rcx,%rax,-0x48(%rbp),-0x28(%rbp),%rsi,-0x20(%rbp),-0x40(%rbp),-0x50(%rbp),-0x58(%rbp)",2.395368160311447,4.37766021004877,3.202610682411489
69,"push,mov,sub,call,sar,add,pop,ret","%rbp,%rsp,$0x20,%rdi,%rsi,-0x8(%rbp),36d0 <_ZNK9__gnu_cxx17__normal_iteratorIPNSt7__cxx1112basic_stringIcSt11char_traitsIcESaIcEEESt6vectorIS6_SaIS6_EEE4baseEv>,(%rax),%rax,-0x10(%rbp),-0x18(%rbp),(%rcx),%rcx,$0x5,",",%rbp,%rsp,-0x8(%rbp),-0x10(%rbp),%rdi,%rax,-0x18(%rbp),%rcx",2.289017989818658,3.826874881864638,2.900051698999543
7,"endbr64,jmp,nopl",",2290 <register_tm_clones>,0x0(%rax)",,1.584962500721156,1.584962500721156,0.0
70,"push,mov,sub,cmpq,je,call,jmp,xor,add,pop,ret,xchg","%rbp,%rsp,$0x20,%rdi,%rsi,-0x8(%rbp),%rax,$0x0,3679 <_ZNSt12_Vector_baseINSt7__cxx1112basic_stringIcSt11char_traitsIcESaIcEEESaIS5_EE11_M_allocateEm+0x39>,-0x18(%rbp),-0x10(%rbp),38b0 <_ZNSt16allocator_traitsISaINSt7__cxx1112basic_stringIcSt11char_traitsIcESaIcEEEEE8allocateERS6_m>,3684 <_ZNSt12_Vector_baseINSt7__cxx1112basic_stringIcSt11char_traitsIcESaIcEEESaIS5_EE11_M_allocateEm+0x44>,%eax,-0x20(%rbp),,%ax",",%rbp,%rsp,-0x8(%rbp),-0x10(%rbp),%rax,-0x18(%rbp),%rdi,%rsi,-0x20(%rbp),%eax,%ax",2.8585552118703155,3.970573095811686,3.202545961618969
71,"push,mov,sub,call,add,pop,ret,cs nopw,nopl","%rbp,%rsp,$0x30,%rdi,%rsi,%rdx,%rcx,-0x8(%rbp),-0x10(%rbp),-0x18(%rbp),-0x20(%rbp),3950 <_ZNSt6vectorINSt7__cxx1112basic_stringIcSt11char_traitsIcESaIcEEESaIS5_EE14_S_do_relocateEPS5_S8_S8_RS6_St17integral_constantIbLb1EE>,,0x0(%rax,%rax, 1),(%rax)",",%rbp,%rsp,-0x8(%rbp),-0x10(%rbp),-0x18(%rbp),-0x20(%rbp),%rdi,%rsi,%rdx,%rcx",2.409267252251469,3.85216872360328,3.057476076289931
72,"push,mov,pop,ret,xchg","%rbp,%rsp,%rdi,-0x8(%rbp),,%ax",",%rbp,-0x8(%rbp),%rax,%ax",2.1280852788913944,2.521640636343319,2.1280852788913944
73,"push,mov,sub,call,add,pop,ret,cs nopw,nopl","%rbp,%rsp,$0x10,%rdi,%rsi,-0x8(%rbp),-0x10(%rbp),3b90 <_ZN9__gnu_cxx13new_allocatorINSt7__cxx1112basic_stringIcSt11char_traitsIcESaIcEEEE7destroyIS6_EEvPT_>,,0x0(%rax,%rax, 1),(%rax)",",%rbp,%rsp,-0x8(%rbp),-0x10(%rbp),%rdi,%rsi",2.8073904508767225,3.392747410448785,2.353533948577482
74,"push,mov,sub,call,add,pop,ret,cs nopw,nopl","%rbp,%rsp,$0x10,%rdi,-0x8(%rbp),3800 <_ZNKSt12_Vector_baseINSt7__cxx1112basic_stringIcSt11char_traitsIcESaIcEEESaIS5_EE19_M_get_Tp_allocatorEv>,%rax,37a0 <_ZNSt6vectorINSt7__cxx1112basic_stringIcSt11char_traitsIcESaIcEEESaIS5_EE11_S_max_sizeERKS6_>,,0x0(%rax,%rax, 1),(%rax)",",%rbp,%rsp,-0x8(%rbp),%rdi",2.931208948910323,3.392747410448785,1.881094760110075
75,"push,mov,sub,sar,pop,ret,nopl","%rbp,%rsp,%rdi,-0x8(%rbp),0x8(%rcx),(%rcx),%rcx,$0x5,,0x0(%rax)",",%rbp,-0x8(%rbp),%rcx,%rax",2.40400975732486,3.277613436819116,2.1180782093497093
76,"push,mov,cmp,jae,jmp,pop,ret,nopl","%rbp,%rsp,%rdi,%rsi,-0x10(%rbp),(%rax),-0x18(%rbp),(%rcx),378d <_ZSt3maxImERKT_S2_S2_+0x2d>,%rax,3795 <_ZSt3maxImERKT_S2_S2_+0x35>,-0x8(%rbp),,0x0(%rax,%rax, 1)",",%rbp,-0x10(%rbp),-0x18(%rbp),%rax,%rcx,-0x8(%rbp)",2.055827901163964,3.7254805569978684,2.335505556517097
77,"push,mov,sub,movabs,call,lea,jmp,add,pop,ret,cs nopw,nopl","%rbp,%rsp,$0x20,%rdi,$0x3ffffffffffffff,%rax,-0x8(%rbp),3810 <_ZNSt16allocator_traitsISaINSt7__cxx1112basic_stringIcSt11char_traitsIcESaIcEEEEE8max_sizeERKS6_>,-0x10(%rbp),-0x18(%rbp),3830 <_ZSt3minImERKT_S2_S2_>,37dd <_ZNSt6vectorINSt7__cxx1112basic_stringIcSt11char_traitsIcESaIcEEESaIS5_EE11_S_max_sizeERKS6_+0x3d>,-0x20(%rbp),(%rax),,2e10 <__clang_call_terminate>,0x0(%rax,%rax, 1),0x0(%rax)",",%rbp,%rsp,-0x8(%rbp),%rax,-0x10(%rbp),%rdi,-0x18(%rbp),%rsi,-0x20(%rbp)",2.989465759746392,4.00182282562223,2.7827315205218937
78,"push,mov,pop,ret,xchg","%rbp,%rsp,%rdi,-0x8(%rbp),,%ax",",%rbp,-0x8(%rbp),%rax,%ax",2.1280852788913944,2.521640636343319,2.1280852788913944
79,"push,mov,sub,call,add,pop,ret,nopl","%rbp,%rsp,$0x10,%rdi,-0x8(%rbp),3870 <_ZNK9__gnu_cxx13new_allocatorINSt7__cxx1112basic_stringIcSt11char_traitsIcESaIcEEEE8max_sizeEv>,,0x0(%rax,%rax, 1)",",%rbp,%rsp,-0x8(%rbp),%rdi",2.8464393446710154,2.9219280948873627,1.9609640474436811
8,"push,mov,sub,movl,lea,call,jmp,test,jne,add,pop,ret,cs nopw","%rbp,%rsp,$0x4b0,$0x0,0x2ccb(%rip),%rax,-0x10(%rbp),-0x218(%rbp),%rdi,$0x8,21c0 <_ZNSt14basic_ifstreamIcSt11char_traitsIcEEC1EPKcSt13_Ios_Openmode@plt>,-0x470(%rbp),2190 <_ZNSt14basic_ifstreamIcSt11char_traitsIcEE7is_openEv@plt>,%al,2370 <main+0x50>,-0x461(%rbp),$0x1,2403 <main+0xe3>,2383 <main+0x63>,0x5c4e(%rip),0x2c87(%rip),2110 <_ZStlsISt11char_traitsIcEERSt13basic_ostreamIcT_ES5_PKc@plt>,23a2 <main+0x82>,-0x478(%rbp),23be <main+0x9e>,-0x480(%rbp),0x5bfc(%rip),2130 <_ZNSolsEPFRSoS_E@plt>,23d6 <main+0xb6>,2776 <main+0x456>,%edx,%rcx,%eax,278e <main+0x46e>,-0x240(%rbp),27b0 <_ZNSt6vectorI6CSVRowSaIS0_EEC2Ev>,-0x260(%rbp),2150 <_ZNSt7__cxx1112basic_stringIcSt11char_traitsIcESaIcEEC1Ev@plt>,2030 <_ZSt7getlineIcSt11char_traitsIcESaIcEERSt13basic_istreamIT_T0_ES7_RNSt7__cxx1112basic_stringIS4_S5_T1_EE@plt>,243a <main+0x11a>,-0x488(%rbp),(%rdi),-0x18(%rax),2140 <_ZNKSt9basic_iosIcSt11char_traitsIcEEcvbEv@plt>,245b <main+0x13b>,-0x489(%rbp),246e <main+0x14e>,25e2 <main+0x2c2>,-0x278(%rbp),27d0 <_ZN6CSVRowC2Ev>,$0x10,27f0 <_ZStorSt13_Ios_OpenmodeS_>,2494 <main+0x174>,-0x490(%rbp),-0x400(%rbp),2180 <_ZNSt7__cxx1118basic_stringstreamIcSt11char_traitsIcESaIcEEC1ERKNS_12basic_stringIcS2_S3_EESt13_Ios_Openmode@plt>,24b2 <main+0x192>,-0x420(%rbp),$0x2c,21d0 <_ZSt7getlineIcSt11char_traitsIcESaIcEERSt13basic_istreamIT_T0_ES7_RNSt7__cxx1112basic_stringIS4_S5_T1_EES4_@plt>,24e2 <main+0x1c2>,-0x498(%rbp),2503 <main+0x1e3>,-0x499(%rbp),2516 <main+0x1f6>,2590 <main+0x270>,2810 <_ZNSt6vectorINSt7__cxx1112basic_stringIcSt11char_traitsIcESaIcEEESaIS5_EE9push_backERKS5_>,252e <main+0x20e>,24be <main+0x19e>,2759 <main+0x439>,25d1 <main+0x2b1>,20b0 <_ZNSt7__cxx1112basic_stringIcSt11char_traitsIcESaIcEED1Ev@plt>,20c0 <_ZNSt7__cxx1118basic_stringstreamIcSt11char_traitsIcESaIcEED1Ev@plt>,2890 <_ZNSt6vectorI6CSVRowSaIS0_EE9push_backERKS0_>,25a8 <main+0x288>,2910 <_ZN6CSVRowD2Ev>,241b <main+0xfb>,-0x428(%rbp),2930 <_ZNSt6vectorI6CSVRowSaIS0_EE5beginEv>,2960 <_ZNSt6vectorI6CSVRowSaIS0_EE3endEv>,-0x430(%rbp),-0x438(%rbp),2990 <_ZN9__gnu_cxxneIP6CSVRowSt6vectorIS1_SaIS1_EEEEbRKNS_17__normal_iteratorIT_T0_EESB_>,2636 <main+0x316>,272b <main+0x40b>,29e0 <_ZNK9__gnu_cxx17__normal_iteratorIP6CSVRowSt6vectorIS1_SaIS1_EEEdeEv>,-0x440(%rbp),-0x448(%rbp),2a00 <_ZNSt6vectorINSt7__cxx1112basic_stringIcSt11char_traitsIcESaIcEEESaIS5_EE5beginEv>,2a30 <_ZNSt6vectorINSt7__cxx1112basic_stringIcSt11char_traitsIcESaIcEEESaIS5_EE3endEv>,-0x450(%rbp),-0x458(%rbp),2a60 <_ZN9__gnu_cxxneIPNSt7__cxx1112basic_stringIcSt11char_traitsIcESaIcEEESt6vectorIS6_SaIS6_EEEEbRKNS_17__normal_iteratorIT_T0_EESG_>,269d <main+0x37d>,26fd <main+0x3dd>,2ab0 <_ZNK9__gnu_cxx17__normal_iteratorIPNSt7__cxx1112basic_stringIcSt11char_traitsIcESaIcEEESt6vectorIS6_SaIS6_EEEdeEv>,-0x460(%rbp),0x591a(%rip),20f0 <_ZStlsIcSt11char_traitsIcESaIcEERSt13basic_ostreamIT_T0_ES7_RKNSt7__cxx1112basic_stringIS4_S5_T1_EE@plt>,26cf <main+0x3af>,-0x4a8(%rbp),0x294e(%rip),26e7 <main+0x3c7>,26ec <main+0x3cc>,2ad0 <_ZN9__gnu_cxx17__normal_iteratorIPNSt7__cxx1112basic_stringIcSt11char_traitsIcESaIcEEESt6vectorIS6_SaIS6_EEEppEv>,267d <main+0x35d>,0x58d4(%rip),0x58bd(%rip),2715 <main+0x3f5>,271a <main+0x3fa>,2af0 <_ZN9__gnu_cxx17__normal_iteratorIP6CSVRowSt6vectorIS1_SaIS1_EEEppEv>,2616 <main+0x2f6>,2b10 <_ZNSt6vectorI6CSVRowSaIS0_EED2Ev>,2040 <_ZNSt14basic_ifstreamIcSt11char_traitsIcEED1Ev@plt>,-0x4(%rbp),,-0x220(%rbp),21b0 <_Unwind_Resume@plt>,0x0(%rax,%rax, 1)",",%rbp,%rsp,-0x4(%rbp),%rax,-0x10(%rbp),%rsi,%rdi,-0x470(%rbp),%edx,-0x461(%rbp),%al,-0x478(%rbp),-0x480(%rbp),-0x228(%rbp),%rcx,%eax,-0x220(%rbp),-0x224(%rbp),-0x488(%rbp),-0x489(%rbp),%edi,%esi,-0x490(%rbp),-0x498(%rbp),-0x499(%rbp),-0x428(%rbp),-0x430(%rbp),-0x438(%rbp),-0x440(%rbp),-0x448(%rbp),-0x450(%rbp),-0x458(%rbp),-0x460(%rbp),-0x4a8(%rbp)",2.5393541218262023,6.414351668724816,3.1862684250334254
80,"push,mov,cmp,jae,jmp,pop,ret,nopl","%rbp,%rsp,%rdi,%rsi,-0x18(%rbp),(%rax),-0x10(%rbp),(%rcx),385d <_ZSt3minImERKT_S2_S2_+0x2d>,%rax,3865 <_ZSt3minImERKT_S2_S2_+0x35>,-0x8(%rbp),,0x0(%rax,%rax, 1)",",%rbp,-0x10(%rbp),-0x18(%rbp),%rax,%rcx,-0x8(%rbp)",2.055827901163964,3.7254805569978684,2.335505556517097
81,"push,mov,sub,call,add,pop,ret,nopl","%rbp,%rsp,$0x10,%rdi,-0x8(%rbp),3890 <_ZNK9__gnu_cxx13new_allocatorINSt7__cxx1112basic_stringIcSt11char_traitsIcESaIcEEEE11_M_max_sizeEv>,,0x0(%rax,%rax, 1)",",%rbp,%rsp,-0x8(%rbp),%rdi",2.8464393446710154,2.9219280948873627,1.9609640474436811
82,"push,mov,movabs,pop,ret,cs nopw,xchg","%rbp,%rsp,%rdi,$0x3ffffffffffffff,,0x0(%rax,%rax, 1),%ax",",%rbp,-0x8(%rbp),%rax,%ax",2.75,2.75,2.0
83,"push,mov,sub,xor,call,add,pop,ret,nopw","%rbp,%rsp,$0x10,%rdi,%rsi,-0x8(%rbp),-0x10(%rbp),%eax,38e0 <_ZN9__gnu_cxx13new_allocatorINSt7__cxx1112basic_stringIcSt11char_traitsIcESaIcEEEE8allocateEmPKv>,,0x0(%rax,%rax, 1)",",%rbp,%rsp,-0x8(%rbp),-0x10(%rbp),%rdi,%rsi,%eax,%edx",2.699513850319966,3.3787834934861762,2.835237745312118
84,"push,mov,sub,call,cmp,jbe,movabs,shl,add,pop,ret,cs nopw","%rbp,%rsp,$0x20,%rdi,%rsi,%rdx,-0x8(%rbp),-0x10(%rbp),%rax,3890 <_ZNK9__gnu_cxx13new_allocatorINSt7__cxx1112basic_stringIcSt11char_traitsIcESaIcEEEE11_M_max_sizeEv>,-0x20(%rbp),%rcx,3933 <_ZN9__gnu_cxx13new_allocatorINSt7__cxx1112basic_stringIcSt11char_traitsIcESaIcEEEE8allocateEmPKv+0x53>,$0x7ffffffffffffff,392e <_ZN9__gnu_cxx13new_allocatorINSt7__cxx1112basic_stringIcSt11char_traitsIcESaIcEEEE8allocateEmPKv+0x4e>,20d0 <_ZSt28__throw_bad_array_new_lengthv@plt>,2060 <_ZSt17__throw_bad_allocv@plt>,$0x5,2120 <_Znwm@plt>,,0x0(%rax,%rax, 1)",",%rbp,%rsp,-0x8(%rbp),-0x10(%rbp),-0x18(%rbp),%rdi,%rax,-0x20(%rbp),%rcx",2.9612366047228758,4.286790198827114,2.778356316178127
85,"push,mov,sub,call,add,pop,ret,cs nopw,nopl","%rbp,%rsp,$0x30,%rdi,%rsi,%rdx,%rcx,-0x10(%rbp),-0x18(%rbp),-0x20(%rbp),-0x28(%rbp),3990 <_ZSt12__relocate_aIPNSt7__cxx1112basic_stringIcSt11char_traitsIcESaIcEEES6_SaIS5_EET0_T_S9_S8_RT1_>,,0x0(%rax,%rax, 1),(%rax)",",%rbp,%rsp,-0x10(%rbp),-0x18(%rbp),-0x20(%rbp),-0x28(%rbp),%rdi,%rsi,%rdx,%rcx",2.409267252251469,3.85216872360328,3.057476076289931
86,"push,mov,sub,call,add,pop,ret,cs nopw,nop","%rbp,%rsp,$0x30,%rdi,%rsi,%rdx,%rcx,-0x8(%rbp),3a70 <_ZSt12__niter_baseIPNSt7__cxx1112basic_stringIcSt11char_traitsIcESaIcEEEET_S7_>,%rax,-0x10(%rbp),-0x18(%rbp),-0x30(%rbp),-0x28(%rbp),-0x20(%rbp),39f0 <_ZSt14__relocate_a_1IPNSt7__cxx1112basic_stringIcSt11char_traitsIcESaIcEEES6_SaIS5_EET0_T_S9_S8_RT1_>,,0x0(%rax,%rax, 1)",",%rbp,%rsp,-0x8(%rbp),-0x10(%rbp),-0x18(%rbp),-0x20(%rbp),%rdi,-0x30(%rbp),-0x28(%rbp),%rsi,%rdx,%rcx",2.191737433422466,4.023465189601647,3.102683189255492
87,"push,mov,sub,cmp,je,call,add,jmp,pop,ret,nopl","%rbp,%rsp,$0x30,%rdi,%rsi,%rdx,%rcx,-0x18(%rbp),%rax,-0x8(%rbp),-0x10(%rbp),3a61 <_ZSt14__relocate_a_1IPNSt7__cxx1112basic_stringIcSt11char_traitsIcESaIcEEES6_SaIS5_EET0_T_S9_S8_RT1_+0x71>,-0x28(%rbp),2ec0 <_ZSt11__addressofINSt7__cxx1112basic_stringIcSt11char_traitsIcESaIcEEEEPT_RS6_>,-0x30(%rbp),-0x20(%rbp),3a80 <_ZSt19__relocate_object_aINSt7__cxx1112basic_stringIcSt11char_traitsIcESaIcEEES5_SaIS5_EEvPT_PT0_RT1_>,$0x20,3a10 <_ZSt14__relocate_a_1IPNSt7__cxx1112basic_stringIcSt11char_traitsIcESaIcEEES6_SaIS5_EET0_T_S9_S8_RT1_+0x20>,,0x0(%rax,%rax, 1)",",%rbp,%rsp,-0x8(%rbp),-0x10(%rbp),-0x18(%rbp),-0x20(%rbp),%rax,-0x28(%rbp),%rdi,-0x30(%rbp),%rsi,%rdx",2.3104426720931492,4.1619875896989456,3.1266907098086274
88,"push,mov,pop,ret,xchg","%rbp,%rsp,%rdi,-0x8(%rbp),,%ax",",%rbp,-0x8(%rbp),%rax,%ax",2.1280852788913944,2.521640636343319,2.1280852788913944
89,"push,mov,sub,call,add,pop,ret","%rbp,%rsp,$0x30,%rdi,%rsi,%rdx,-0x18(%rbp),%rax,-0x8(%rbp),-0x10(%rbp),3b30 <_ZSt4moveIRNSt7__cxx1112basic_stringIcSt11char_traitsIcESaIcEEEEONSt16remove_referenceIT_E4typeEOS8_>,-0x30(%rbp),-0x28(%rbp),3ae0 <_ZNSt16allocator_traitsISaINSt7__cxx1112basic_stringIcSt11char_traitsIcESaIcEEEEE9constructIS5_JS5_EEEvRS6_PT_DpOT0_>,2ec0 <_ZSt11__addressofINSt7__cxx1112basic_stringIcSt11char_traitsIcESaIcEEEEPT_RS6_>,-0x20(%rbp),36e0 <_ZNSt16allocator_traitsISaINSt7__cxx1112basic_stringIcSt11char_traitsIcESaIcEEEEE7destroyIS5_EEvRS6_PT_>,",",%rbp,%rsp,-0x8(%rbp),-0x10(%rbp),-0x18(%rbp),%rax,-0x30(%rbp),-0x28(%rbp),%rdi,%rsi,%rdx,-0x20(%rbp)",1.720175552708178,3.9462227768166005,3.3001946428885276
9,"push,mov,sub,call,add,pop,ret,nopl","%rbp,%rsp,$0x10,%rdi,-0x8(%rbp),2b80 <_ZNSt12_Vector_baseI6CSVRowSaIS0_EEC2Ev>,,0x0(%rax,%rax, 1)",",%rbp,%rsp,-0x8(%rbp),%rdi",2.8464393446710154,2.9219280948873627,1.9609640474436811
90,"push,mov,sub,call,add,pop,ret,cs nopw,nopl","%rbp,%rsp,$0x30,%rdi,%rsi,%rdx,-0x8(%rbp),%rax,-0x10(%rbp),-0x18(%rbp),3b80 <_ZSt7forwardINSt7__cxx1112basic_stringIcSt11char_traitsIcESaIcEEEEOT_RNSt16remove_referenceIS6_E4typeE>,-0x28(%rbp),-0x20(%rbp),3b40 <_ZN9__gnu_cxx13new_allocatorINSt7__cxx1112basic_stringIcSt11char_traitsIcESaIcEEEE9constructIS6_JS6_EEEvPT_DpOT0_>,,0x0(%rax,%rax, 1),(%rax)",",%rbp,%rsp,-0x8(%rbp),-0x10(%rbp),-0x18(%rbp),%rax,-0x28(%rbp),-0x20(%rbp),%rdi,%rsi,%rdx",2.2485293271285762,3.9754180179138334,3.170818163045273
91,"push,mov,pop,ret,xchg","%rbp,%rsp,%rdi,-0x8(%rbp),,%ax",",%rbp,-0x8(%rbp),%rax,%ax",2.1280852788913944,2.521640636343319,2.1280852788913944
92,"push,mov,sub,call,add,pop,ret,nopw","%rbp,%rsp,$0x20,%rdi,%rsi,%rdx,-0x10(%rbp),%rax,-0x18(%rbp),3b80 <_ZSt7forwardINSt7__cxx1112basic_stringIcSt11char_traitsIcESaIcEEEEOT_RNSt16remove_referenceIS6_E4typeE>,-0x20(%rbp),20a0 <_ZNSt7__cxx1112basic_stringIcSt11char_traitsIcESaIcEEC1EOS4_@plt>,,0x0(%rax,%rax, 1)",",%rbp,%rsp,-0x8(%rbp),-0x10(%rbp),-0x18(%rbp),%rax,-0x20(%rbp),%rdi,%rsi",2.291620193427939,3.7345216647797512,2.9398290174664026
93,"push,mov,pop,ret,xchg","%rbp,%rsp,%rdi,-0x8(%rbp),,%ax",",%rbp,-0x8(%rbp),%rax,%ax",2.1280852788913944,2.521640636343319,2.1280852788913944
94,"push,mov,sub,call,add,pop,ret,nop","%rbp,%rsp,$0x10,%rdi,%rsi,-0x10(%rbp),20b0 <_ZNSt7__cxx1112basic_stringIcSt11char_traitsIcESaIcEED1Ev@plt>,",",%rbp,%rsp,-0x8(%rbp),-0x10(%rbp),%rdi",2.7321588913645702,2.9139770731827523,2.2221915755066783
95,"push,mov,sub,call,add,pop,ret,cs nopw,nopl","%rbp,%rsp,$0x30,%rdi,%rsi,%rdx,-0x8(%rbp),%rax,-0x10(%rbp),-0x18(%rbp),3ec0 <_ZSt7forwardIRK6CSVRowEOT_RNSt16remove_referenceIS3_E4typeE>,-0x28(%rbp),-0x20(%rbp),3e80 <_ZN9__gnu_cxx13new_allocatorI6CSVRowE9constructIS1_JRKS1_EEEvPT_DpOT0_>,,0x0(%rax,%rax, 1),(%rax)",",%rbp,%rsp,-0x8(%rbp),-0x10(%rbp),-0x18(%rbp),%rax,-0x28(%rbp),-0x20(%rbp),%rdi,%rsi,%rdx",2.2485293271285762,3.9754180179138334,3.170818163045273
96,"push,mov,sub,lea,call,jmp,movq,add,cmpq,jne,imul,cqto,idiv,pop,ret,nopl","%rbp,%rsp,$0xb0,%rsi,%rdi,%rdx,-0x10(%rbp),0x1407(%rip),$0x1,4460 <_ZNKSt6vectorI6CSVRowSaIS0_EE12_M_check_lenEmPKc>,-0x70(%rbp),%rax,(%rdi),0x8(%rdi),2930 <_ZNSt6vectorI6CSVRowSaIS0_EE5beginEv>,-0x8(%rbp),-0x40(%rbp),4550 <_ZN9__gnu_cxxmiIP6CSVRowSt6vectorIS1_SaIS1_EEEENS_17__normal_iteratorIT_T0_E15difference_typeERKS9_SC_>,-0x20(%rbp),45a0 <_ZNSt12_Vector_baseI6CSVRowSaIS0_EE11_M_allocateEm>,-0x48(%rbp),-0x38(%rbp),(%rcx,%rcx, 2),(%rax,%rcx, 8),-0x18(%rbp),3ec0 <_ZSt7forwardIRK6CSVRowEOT_RNSt16remove_referenceIS3_E4typeE>,-0x68(%rbp),3bb0 <_ZNSt16allocator_traitsISaI6CSVRowEE9constructIS0_JRKS0_EEEvRS1_PT_DpOT0_>,3cac <_ZNSt6vectorI6CSVRowSaIS0_EE17_M_realloc_insertIJRKS0_EEEvN9__gnu_cxx17__normal_iteratorIPS0_S2_EEDpOT_+0xac>,$0x0,-0x28(%rbp),4630 <_ZNK9__gnu_cxx17__normal_iteratorIP6CSVRowSt6vectorIS1_SaIS1_EEE4baseEv>,(%rax),2fd0 <_ZNSt12_Vector_baseI6CSVRowSaIS0_EE19_M_get_Tp_allocatorEv>,-0xa0(%rbp),-0x98(%rbp),-0x90(%rbp),45f0 <_ZNSt6vectorI6CSVRowSaIS0_EE11_S_relocateEPS0_S3_S3_RS1_>,-0x50(%rbp),$0x18,-0x30(%rbp),-0x88(%rbp),-0x80(%rbp),-0x78(%rbp),3e13 <_ZNSt6vectorI6CSVRowSaIS0_EE17_M_realloc_insertIJRKS0_EEEvN9__gnu_cxx17__normal_iteratorIPS0_S2_EEDpOT_+0x213>,%edx,%rcx,%eax,-0x58(%rbp),2070 <__cxa_begin_catch@plt>,3d99 <_ZNSt6vectorI6CSVRowSaIS0_EE17_M_realloc_insertIJRKS0_EEEvN9__gnu_cxx17__normal_iteratorIPS0_S2_EEDpOT_+0x199>,4640 <_ZNSt16allocator_traitsISaI6CSVRowEE7destroyIS0_EEvRS1_PT_>,3dee <_ZNSt6vectorI6CSVRowSaIS0_EE17_M_realloc_insertIJRKS0_EEEvN9__gnu_cxx17__normal_iteratorIPS0_S2_EEDpOT_+0x1ee>,-0xb0(%rbp),-0xa8(%rbp),2fa0 <_ZSt8_DestroyIP6CSVRowS0_EvT_S2_RSaIT0_E>,3dd3 <_ZNSt6vectorI6CSVRowSaIS0_EE17_M_realloc_insertIJRKS0_EEEvN9__gnu_cxx17__normal_iteratorIPS0_S2_EEDpOT_+0x1d3>,21a0 <__cxa_end_catch@plt>,3e0e <_ZNSt6vectorI6CSVRowSaIS0_EE17_M_realloc_insertIJRKS0_EEEvN9__gnu_cxx17__normal_iteratorIPS0_S2_EEDpOT_+0x20e>,3100 <_ZNSt12_Vector_baseI6CSVRowSaIS0_EE13_M_deallocateEPS0_m>,3e04 <_ZNSt6vectorI6CSVRowSaIS0_EE17_M_realloc_insertIJRKS0_EEEvN9__gnu_cxx17__normal_iteratorIPS0_S2_EEDpOT_+0x204>,2160 <__cxa_rethrow@plt>,3e78 <_ZNSt6vectorI6CSVRowSaIS0_EE17_M_realloc_insertIJRKS0_EEEvN9__gnu_cxx17__normal_iteratorIPS0_S2_EEDpOT_+0x278>,3e67 <_ZNSt6vectorI6CSVRowSaIS0_EE17_M_realloc_insertIJRKS0_EEEvN9__gnu_cxx17__normal_iteratorIPS0_S2_EEDpOT_+0x267>,0x10(%rax),,21b0 <_Unwind_Resume@plt>,2e10 <__clang_call_terminate>,0x0(%rax,%rax, 1)",",%rbp,%rsp,-0x8(%rbp),-0x10(%rbp),-0x18(%rbp),%rdi,-0x70(%rbp),%rdx,%esi,-0x20(%rbp),%rax,-0x28(%rbp),-0x30(%rbp),-0x40(%rbp),%rsi,-0x38(%rbp),-0x48(%rbp),-0x50(%rbp),%rcx, %rcx, %rax,-0x68(%rbp),-0xa0(%rbp),-0x98(%rbp),-0x90(%rbp),-0x88(%rbp),-0x80(%rbp),-0x78(%rbp),%eax,-0x58(%rbp),-0x5c(%rbp),-0x38(%rbp),%rax,-0xb0(%rbp),-0xa8(%rbp),%ecx,(%rax),0x8(%rax),-0x20(%rbp),%rdx,0x10(%rax)",2.049429919595867,5.285599375534352,3.9670966219550694
97,"push,mov,sub,call,add,pop,ret,nopw","%rbp,%rsp,$0x20,%rdi,%rsi,%rdx,-0x10(%rbp),%rax,-0x18(%rbp),3ec0 <_ZSt7forwardIRK6CSVRowEOT_RNSt16remove_referenceIS3_E4typeE>,-0x20(%rbp),3ed0 <_ZN6CSVRowC2ERKS_>,,0x0(%rax,%rax, 1)",",%rbp,%rsp,-0x8(%rbp),-0x10(%rbp),-0x18(%rbp),%rax,-0x20(%rbp),%rdi,%rsi",2.291620193427939,3.7345216647797512,2.9398290174664026
98,"push,mov,pop,ret,xchg","%rbp,%rsp,%rdi,-0x8(%rbp),,%ax",",%rbp,-0x8(%rbp),%rax,%ax",2.1280852788913944,2.521640636343319,2.1280852788913944
99,"push,mov,sub,call,add,pop,ret,cs nopw,nopl","%rbp,%rsp,$0x10,%rdi,%rsi,-0x8(%rbp),-0x10(%rbp),3f00 <_ZNSt6vectorINSt7__cxx1112basic_stringIcSt11char_traitsIcESaIcEEESaIS5_EEC2ERKS7_>,,0x0(%rax,%rax, 1),(%rax)",",%rbp,%rsp,-0x8(%rbp),-0x10(%rbp),%rdi,%rsi",2.8073904508767225,3.392747410448785,2.353533948577482
