Type,Instruction,Instruction,Instruction,Instruction,Instruction,Instruction,Instruction,Instruction,Instruction,Instruction,Instruction,Instruction,Left Operand,Left Operand,Left Operand,Left Operand,Left Operand,Left Operand,Left Operand,Left Operand,Left Operand,Left Operand,Right Operand,Right Operand,Right Operand,Right Operand,Right Operand,Right Operand,Right Operand,Right Operand,Right Operand,Right Operand,Right Operand,Right Operand,Right Operand,Right Operand,Cluster
Assembly,call,endbr64,je,jmp,lea,mov,nopl,pop,push,ret,sar,xor,$0x0,$0x10,%rax,%rbp,%rsi,%rsp,0x0(%rax),1118<deregister_tm_clones+0x28>,1120<register_tm_clones>,1158<register_tm_clones+0x38>,%ebp,%ecx,%r8d,%r9,%rax,%rbp,%rdi,%rdx,%rsi,%rsp,"0x0(%rax,%rax,1)",0x2e4a(%rip),0x2eb5(%rip),0x2edd(%rip),
Block_ID,,,,,,,,,,,,,,,,,,,,,,,,,,,,,,,,,,,,,
1,0.0,0.0,0.0,0.0,1.0,0.0,0.0,0.0,0.0,0.0,0.0,0.0,0.0,0.0,0.0,1.0,0.0,0.0,0.0,0.0,0.0,0.0,0.0,0.0,0.0,0.0,0.0,0.0,1.0,0.0,0.0,0.0,0.0,0.0,0.0,0.0,1
2,0.16666666666666666,0.0,0.0,0.0,0.0,0.16666666666666666,0.16666666666666666,0.16666666666666666,0.16666666666666666,0.16666666666666666,0.0,0.0,0.0,0.0,0.0,1.0,0.0,0.0,0.0,0.0,0.0,0.0,0.0,0.0,0.0,0.0,0.0,1.0,0.0,0.0,0.0,0.0,0.0,0.0,0.0,0.0,1
3,0.0,0.0,0.0,0.0,0.0,0.2857142857142857,0.0,0.0,0.2857142857142857,0.0,0.0,0.42857142857142866,0.0,0.0,0.0,0.0,0.0,1.0,0.0,0.0,0.0,0.0,0.125,0.125,0.125,0.125,0.0,0.0,0.125,0.125,0.0,0.125,0.125,0.0,0.0,0.0,1
4,0.0,0.0,0.3333333333333333,0.0,0.3333333333333333,0.0,0.3333333333333333,0.0,0.0,0.0,0.0,0.0,0.0,0.0,0.0,0.0,0.0,0.0,0.5,0.5,0.0,0.0,0.0,0.0,0.0,0.0,1.0,0.0,0.0,0.0,0.0,0.0,0.0,0.0,0.0,0.0,2
5,0.0,0.0,0.25,0.0,0.25,0.25,0.0,0.0,0.0,0.0,0.25,0.0,0.0,0.0,0.3333333333333333,0.0,0.3333333333333333,0.0,0.0,0.0,0.0,0.3333333333333333,0.0,0.0,0.0,0.0,0.0,0.0,0.0,0.0,0.0,0.0,0.0,0.0,0.0,0.0,2
6,0.25,0.0,0.0,0.0,0.0,0.25,0.25,0.0,0.0,0.25,0.0,0.0,0.5,0.0,0.0,0.5,0.0,0.0,0.0,0.0,0.0,0.0,0.0,0.0,0.0,0.0,0.0,0.2,0.2,0.0,0.0,0.0,0.0,0.2,0.2,0.2,1
7,0.0,0.3333333333333333,0.0,0.3333333333333333,0.0,0.0,0.3333333333333333,0.0,0.0,0.0,0.0,0.0,0.0,0.0,0.0,0.0,0.0,0.0,0.5,0.0,0.5,0.0,0.0,0.0,0.0,0.0,0.0,0.0,0.0,0.0,0.0,0.0,0.0,0.0,0.0,0.0,2
8,0.33333333333333326,0.0,0.0,0.0,0.0,0.6666666666666667,0.0,0.0,0.0,0.0,0.0,0.0,0.0,0.5,0.0,0.5,0.0,0.0,0.0,0.0,0.0,0.0,0.0,0.0,0.0,0.0,0.0,0.0,0.3333333333333333,0.0,0.3333333333333333,0.3333333333333333,0.0,0.0,0.0,0.0,1
