Block ID,Instruction,Left Operand,Right Operand
<__cxx_global_var_init>:,RET,c3,
<_GLOBAL__sub_I_csv_parser.cpp>:,RET,c3,
<_start>:,HLT,f4,
<deregister_tm_clones>:,RET,c3,
<register_tm_clones>:,RET,c3,
<__do_global_dtors_aux>:,RET,c3,
<main>:,RET,c3,
<_ZNSt6vectorI6CSVRowSaIS0_EEC2Ev>:,RET,c3,
<_ZN6CSVRowC2Ev>:,RET,c3,
<_ZStorSt13_Ios_OpenmodeS_>:,RET,c3,
<_ZNSt6vectorINSt7__cxx1112basic_stringIcSt11char_traitsIcESaIcEEESaIS5_EE9push_backERKS5_>:,RET,c3,
<_ZNSt6vectorI6CSVRowSaIS0_EE9push_backERKS0_>:,RET,c3,
<_ZN6CSVRowD2Ev>:,RET,c3,
<_ZNSt6vectorI6CSVRowSaIS0_EE5beginEv>:,RET,c3,
<_ZNSt6vectorI6CSVRowSaIS0_EE3endEv>:,RET,c3,
<_ZN9__gnu_cxxneIP6CSVRowSt6vectorIS1_SaIS1_EEEEbRKNS_17__normal_iteratorIT_T0_EESB_>:,RET,c3,
<_ZNK9__gnu_cxx17__normal_iteratorIP6CSVRowSt6vectorIS1_SaIS1_EEEdeEv>:,RET,c3,
<_ZNSt6vectorINSt7__cxx1112basic_stringIcSt11char_traitsIcESaIcEEESaIS5_EE5beginEv>:,RET,c3,
<_ZNSt6vectorINSt7__cxx1112basic_stringIcSt11char_traitsIcESaIcEEESaIS5_EE3endEv>:,RET,c3,
<_ZN9__gnu_cxxneIPNSt7__cxx1112basic_stringIcSt11char_traitsIcESaIcEEESt6vectorIS6_SaIS6_EEEEbRKNS_17__normal_iteratorIT_T0_EESG_>:,RET,c3,
<_ZNK9__gnu_cxx17__normal_iteratorIPNSt7__cxx1112basic_stringIcSt11char_traitsIcESaIcEEESt6vectorIS6_SaIS6_EEEdeEv>:,RET,c3,
<_ZN9__gnu_cxx17__normal_iteratorIPNSt7__cxx1112basic_stringIcSt11char_traitsIcESaIcEEESt6vectorIS6_SaIS6_EEEppEv>:,RET,c3,
<_ZN9__gnu_cxx17__normal_iteratorIP6CSVRowSt6vectorIS1_SaIS1_EEEppEv>:,RET,c3,
<_ZNSt6vectorI6CSVRowSaIS0_EED2Ev>:,RET,c3,
<_ZNSt12_Vector_baseI6CSVRowSaIS0_EEC2Ev>:,RET,c3,
<_ZNSt12_Vector_baseI6CSVRowSaIS0_EE12_Vector_implC2Ev>:,RET,c3,
<_ZNSaI6CSVRowEC2Ev>:,RET,c3,
<_ZNSt12_Vector_baseI6CSVRowSaIS0_EE17_Vector_impl_dataC2Ev>:,RET,c3,
<_ZN9__gnu_cxx13new_allocatorI6CSVRowEC2Ev>:,RET,c3,
<_ZNSt6vectorINSt7__cxx1112basic_stringIcSt11char_traitsIcESaIcEEESaIS5_EEC2Ev>:,RET,c3,
<_ZNSt12_Vector_baseINSt7__cxx1112basic_stringIcSt11char_traitsIcESaIcEEESaIS5_EEC2Ev>:,RET,c3,
<_ZNSt12_Vector_baseINSt7__cxx1112basic_stringIcSt11char_traitsIcESaIcEEESaIS5_EE12_Vector_implC2Ev>:,RET,c3,
<_ZNSaINSt7__cxx1112basic_stringIcSt11char_traitsIcESaIcEEEEC2Ev>:,RET,c3,
<_ZNSt12_Vector_baseINSt7__cxx1112basic_stringIcSt11char_traitsIcESaIcEEESaIS5_EE17_Vector_impl_dataC2Ev>:,RET,c3,
<_ZN9__gnu_cxx13new_allocatorINSt7__cxx1112basic_stringIcSt11char_traitsIcESaIcEEEEC2Ev>:,RET,c3,
<_ZNSt6vectorINSt7__cxx1112basic_stringIcSt11char_traitsIcESaIcEEESaIS5_EED2Ev>:,RET,c3,
<_ZSt8_DestroyIPNSt7__cxx1112basic_stringIcSt11char_traitsIcESaIcEEES5_EvT_S7_RSaIT0_E>:,RET,c3,
<_ZNSt12_Vector_baseINSt7__cxx1112basic_stringIcSt11char_traitsIcESaIcEEESaIS5_EE19_M_get_Tp_allocatorEv>:,RET,c3,
<_ZNSt12_Vector_baseINSt7__cxx1112basic_stringIcSt11char_traitsIcESaIcEEESaIS5_EED2Ev>:,RET,c3,
<_ZSt8_DestroyIPNSt7__cxx1112basic_stringIcSt11char_traitsIcESaIcEEEEvT_S7_>:,RET,c3,
<_ZNSt12_Destroy_auxILb0EE9__destroyIPNSt7__cxx1112basic_stringIcSt11char_traitsIcESaIcEEEEEvT_S9_>:,RET,c3,
<_ZSt8_DestroyINSt7__cxx1112basic_stringIcSt11char_traitsIcESaIcEEEEvPT_>:,RET,c3,
<_ZSt11__addressofINSt7__cxx1112basic_stringIcSt11char_traitsIcESaIcEEEEPT_RS6_>:,RET,c3,
<_ZNSt12_Vector_baseINSt7__cxx1112basic_stringIcSt11char_traitsIcESaIcEEESaIS5_EE13_M_deallocateEPS5_m>:,RET,c3,
<_ZNSt12_Vector_baseINSt7__cxx1112basic_stringIcSt11char_traitsIcESaIcEEESaIS5_EE12_Vector_implD2Ev>:,RET,c3,
<_ZNSt16allocator_traitsISaINSt7__cxx1112basic_stringIcSt11char_traitsIcESaIcEEEEE10deallocateERS6_PS5_m>:,RET,c3,
<_ZN9__gnu_cxx13new_allocatorINSt7__cxx1112basic_stringIcSt11char_traitsIcESaIcEEEE10deallocateEPS6_m>:,RET,c3,
<_ZN9__gnu_cxx13new_allocatorINSt7__cxx1112basic_stringIcSt11char_traitsIcESaIcEEEED2Ev>:,RET,c3,
<_ZSt8_DestroyIP6CSVRowS0_EvT_S2_RSaIT0_E>:,RET,c3,
<_ZNSt12_Vector_baseI6CSVRowSaIS0_EE19_M_get_Tp_allocatorEv>:,RET,c3,
<_ZNSt12_Vector_baseI6CSVRowSaIS0_EED2Ev>:,RET,c3,
<_ZSt8_DestroyIP6CSVRowEvT_S2_>:,RET,c3,
<_ZNSt12_Destroy_auxILb0EE9__destroyIP6CSVRowEEvT_S4_>:,RET,c3,
<_ZSt8_DestroyI6CSVRowEvPT_>:,RET,c3,
<_ZSt11__addressofI6CSVRowEPT_RS1_>:,RET,c3,
<_ZNSt12_Vector_baseI6CSVRowSaIS0_EE13_M_deallocateEPS0_m>:,RET,c3,
<_ZNSt12_Vector_baseI6CSVRowSaIS0_EE12_Vector_implD2Ev>:,RET,c3,
<_ZNSt16allocator_traitsISaI6CSVRowEE10deallocateERS1_PS0_m>:,RET,c3,
<_ZN9__gnu_cxx13new_allocatorI6CSVRowE10deallocateEPS1_m>:,RET,c3,
<_ZNSaI6CSVRowED2Ev>:,RET,c3,
<_ZN9__gnu_cxx13new_allocatorI6CSVRowED2Ev>:,RET,c3,
<_ZNSt16allocator_traitsISaINSt7__cxx1112basic_stringIcSt11char_traitsIcESaIcEEEEE9constructIS5_JRKS5_EEEvRS6_PT_DpOT0_>:,RET,c3,
<_ZNSt6vectorINSt7__cxx1112basic_stringIcSt11char_traitsIcESaIcEEESaIS5_EE17_M_realloc_insertIJRKS5_EEEvN9__gnu_cxx17__normal_iteratorIPS5_S7_EEDpOT_>:,RET,c3,
<_ZN9__gnu_cxx13new_allocatorINSt7__cxx1112basic_stringIcSt11char_traitsIcESaIcEEEE9constructIS6_JRKS6_EEEvPT_DpOT0_>:,RET,c3,
<_ZSt7forwardIRKNSt7__cxx1112basic_stringIcSt11char_traitsIcESaIcEEEEOT_RNSt16remove_referenceIS8_E4typeE>:,RET,c3,
<_ZNKSt6vectorINSt7__cxx1112basic_stringIcSt11char_traitsIcESaIcEEESaIS5_EE12_M_check_lenEmPKc>:,RET,c3,
<_ZN9__gnu_cxxmiIPNSt7__cxx1112basic_stringIcSt11char_traitsIcESaIcEEESt6vectorIS6_SaIS6_EEEENS_17__normal_iteratorIT_T0_E15difference_typeERKSE_SH_>:,RET,c3,
<_ZNSt12_Vector_baseINSt7__cxx1112basic_stringIcSt11char_traitsIcESaIcEEESaIS5_EE11_M_allocateEm>:,RET,c3,
<_ZNSt6vectorINSt7__cxx1112basic_stringIcSt11char_traitsIcESaIcEEESaIS5_EE11_S_relocateEPS5_S8_S8_RS6_>:,RET,c3,
<_ZNK9__gnu_cxx17__normal_iteratorIPNSt7__cxx1112basic_stringIcSt11char_traitsIcESaIcEEESt6vectorIS6_SaIS6_EEE4baseEv>:,RET,c3,
<_ZNSt16allocator_traitsISaINSt7__cxx1112basic_stringIcSt11char_traitsIcESaIcEEEEE7destroyIS5_EEvRS6_PT_>:,RET,c3,
<_ZNKSt6vectorINSt7__cxx1112basic_stringIcSt11char_traitsIcESaIcEEESaIS5_EE8max_sizeEv>:,RET,c3,
<_ZNKSt6vectorINSt7__cxx1112basic_stringIcSt11char_traitsIcESaIcEEESaIS5_EE4sizeEv>:,RET,c3,
<_ZSt3maxImERKT_S2_S2_>:,RET,c3,
<_ZNSt6vectorINSt7__cxx1112basic_stringIcSt11char_traitsIcESaIcEEESaIS5_EE11_S_max_sizeERKS6_>:,RET,c3,
<_ZNKSt12_Vector_baseINSt7__cxx1112basic_stringIcSt11char_traitsIcESaIcEEESaIS5_EE19_M_get_Tp_allocatorEv>:,RET,c3,
<_ZNSt16allocator_traitsISaINSt7__cxx1112basic_stringIcSt11char_traitsIcESaIcEEEEE8max_sizeERKS6_>:,RET,c3,
<_ZSt3minImERKT_S2_S2_>:,RET,c3,
<_ZNK9__gnu_cxx13new_allocatorINSt7__cxx1112basic_stringIcSt11char_traitsIcESaIcEEEE8max_sizeEv>:,RET,c3,
<_ZNK9__gnu_cxx13new_allocatorINSt7__cxx1112basic_stringIcSt11char_traitsIcESaIcEEEE11_M_max_sizeEv>:,RET,c3,
<_ZNSt16allocator_traitsISaINSt7__cxx1112basic_stringIcSt11char_traitsIcESaIcEEEEE8allocateERS6_m>:,RET,c3,
<_ZN9__gnu_cxx13new_allocatorINSt7__cxx1112basic_stringIcSt11char_traitsIcESaIcEEEE8allocateEmPKv>:,RET,c3,
<_ZNSt6vectorINSt7__cxx1112basic_stringIcSt11char_traitsIcESaIcEEESaIS5_EE14_S_do_relocateEPS5_S8_S8_RS6_St17integral_constantIbLb1EE>:,RET,c3,
<_ZSt12__relocate_aIPNSt7__cxx1112basic_stringIcSt11char_traitsIcESaIcEEES6_SaIS5_EET0_T_S9_S8_RT1_>:,RET,c3,
<_ZSt14__relocate_a_1IPNSt7__cxx1112basic_stringIcSt11char_traitsIcESaIcEEES6_SaIS5_EET0_T_S9_S8_RT1_>:,RET,c3,
<_ZSt12__niter_baseIPNSt7__cxx1112basic_stringIcSt11char_traitsIcESaIcEEEET_S7_>:,RET,c3,
<_ZSt19__relocate_object_aINSt7__cxx1112basic_stringIcSt11char_traitsIcESaIcEEES5_SaIS5_EEvPT_PT0_RT1_>:,RET,c3,
<_ZNSt16allocator_traitsISaINSt7__cxx1112basic_stringIcSt11char_traitsIcESaIcEEEEE9constructIS5_JS5_EEEvRS6_PT_DpOT0_>:,RET,c3,
<_ZSt4moveIRNSt7__cxx1112basic_stringIcSt11char_traitsIcESaIcEEEEONSt16remove_referenceIT_E4typeEOS8_>:,RET,c3,
<_ZN9__gnu_cxx13new_allocatorINSt7__cxx1112basic_stringIcSt11char_traitsIcESaIcEEEE9constructIS6_JS6_EEEvPT_DpOT0_>:,RET,c3,
<_ZSt7forwardINSt7__cxx1112basic_stringIcSt11char_traitsIcESaIcEEEEOT_RNSt16remove_referenceIS6_E4typeE>:,RET,c3,
<_ZN9__gnu_cxx13new_allocatorINSt7__cxx1112basic_stringIcSt11char_traitsIcESaIcEEEE7destroyIS6_EEvPT_>:,RET,c3,
<_ZNSt16allocator_traitsISaI6CSVRowEE9constructIS0_JRKS0_EEEvRS1_PT_DpOT0_>:,RET,c3,
<_ZNSt6vectorI6CSVRowSaIS0_EE17_M_realloc_insertIJRKS0_EEEvN9__gnu_cxx17__normal_iteratorIPS0_S2_EEDpOT_>:,RET,c3,
<_ZN9__gnu_cxx13new_allocatorI6CSVRowE9constructIS1_JRKS1_EEEvPT_DpOT0_>:,RET,c3,
<_ZSt7forwardIRK6CSVRowEOT_RNSt16remove_referenceIS3_E4typeE>:,RET,c3,
<_ZN6CSVRowC2ERKS_>:,RET,c3,
<_ZNSt6vectorINSt7__cxx1112basic_stringIcSt11char_traitsIcESaIcEEESaIS5_EEC2ERKS7_>:,RET,c3,
<_ZN9__gnu_cxx14__alloc_traitsISaINSt7__cxx1112basic_stringIcSt11char_traitsIcESaIcEEEES6_E17_S_select_on_copyERKS7_>:,RET,c3,
<_ZNSt12_Vector_baseINSt7__cxx1112basic_stringIcSt11char_traitsIcESaIcEEESaIS5_EEC2EmRKS6_>:,RET,c3,
<_ZNSaINSt7__cxx1112basic_stringIcSt11char_traitsIcESaIcEEEED2Ev>:,RET,c3,
<_ZSt22__uninitialized_copy_aIN9__gnu_cxx17__normal_iteratorIPKNSt7__cxx1112basic_stringIcSt11char_traitsIcESaIcEEESt6vectorIS7_SaIS7_EEEEPS7_S7_ET0_T_SG_SF_RSaIT1_E>:,RET,c3,
<_ZNKSt6vectorINSt7__cxx1112basic_stringIcSt11char_traitsIcESaIcEEESaIS5_EE5beginEv>:,RET,c3,
<_ZNKSt6vectorINSt7__cxx1112basic_stringIcSt11char_traitsIcESaIcEEESaIS5_EE3endEv>:,RET,c3,
<_ZNSt16allocator_traitsISaINSt7__cxx1112basic_stringIcSt11char_traitsIcESaIcEEEEE37select_on_container_copy_constructionERKS6_>:,RET,c3,
<_ZNSaINSt7__cxx1112basic_stringIcSt11char_traitsIcESaIcEEEEC2ERKS5_>:,RET,c3,
<_ZN9__gnu_cxx13new_allocatorINSt7__cxx1112basic_stringIcSt11char_traitsIcESaIcEEEEC2ERKS7_>:,RET,c3,
<_ZNSt12_Vector_baseINSt7__cxx1112basic_stringIcSt11char_traitsIcESaIcEEESaIS5_EE12_Vector_implC2ERKS6_>:,RET,c3,
<_ZNSt12_Vector_baseINSt7__cxx1112basic_stringIcSt11char_traitsIcESaIcEEESaIS5_EE17_M_create_storageEm>:,RET,c3,
<_ZSt18uninitialized_copyIN9__gnu_cxx17__normal_iteratorIPKNSt7__cxx1112basic_stringIcSt11char_traitsIcESaIcEEESt6vectorIS7_SaIS7_EEEEPS7_ET0_T_SG_SF_>:,RET,c3,
<_ZNSt20__uninitialized_copyILb0EE13__uninit_copyIN9__gnu_cxx17__normal_iteratorIPKNSt7__cxx1112basic_stringIcSt11char_traitsIcESaIcEEESt6vectorIS9_SaIS9_EEEEPS9_EET0_T_SI_SH_>:,RET,c3,
<_ZN9__gnu_cxxneIPKNSt7__cxx1112basic_stringIcSt11char_traitsIcESaIcEEESt6vectorIS6_SaIS6_EEEEbRKNS_17__normal_iteratorIT_T0_EESH_>:,RET,c3,
<_ZSt10_ConstructINSt7__cxx1112basic_stringIcSt11char_traitsIcESaIcEEEJRKS5_EEvPT_DpOT0_>:,RET,c3,
<_ZNK9__gnu_cxx17__normal_iteratorIPKNSt7__cxx1112basic_stringIcSt11char_traitsIcESaIcEEESt6vectorIS6_SaIS6_EEEdeEv>:,RET,c3,
<_ZN9__gnu_cxx17__normal_iteratorIPKNSt7__cxx1112basic_stringIcSt11char_traitsIcESaIcEEESt6vectorIS6_SaIS6_EEEppEv>:,RET,c3,
<_ZNK9__gnu_cxx17__normal_iteratorIPKNSt7__cxx1112basic_stringIcSt11char_traitsIcESaIcEEESt6vectorIS6_SaIS6_EEE4baseEv>:,RET,c3,
<_ZN9__gnu_cxx17__normal_iteratorIPKNSt7__cxx1112basic_stringIcSt11char_traitsIcESaIcEEESt6vectorIS6_SaIS6_EEEC2ERKS8_>:,RET,c3,
<_ZNKSt6vectorI6CSVRowSaIS0_EE12_M_check_lenEmPKc>:,RET,c3,
<_ZN9__gnu_cxxmiIP6CSVRowSt6vectorIS1_SaIS1_EEEENS_17__normal_iteratorIT_T0_E15difference_typeERKS9_SC_>:,RET,c3,
<_ZNSt12_Vector_baseI6CSVRowSaIS0_EE11_M_allocateEm>:,RET,c3,
<_ZNSt6vectorI6CSVRowSaIS0_EE11_S_relocateEPS0_S3_S3_RS1_>:,RET,c3,
<_ZNK9__gnu_cxx17__normal_iteratorIP6CSVRowSt6vectorIS1_SaIS1_EEE4baseEv>:,RET,c3,
<_ZNSt16allocator_traitsISaI6CSVRowEE7destroyIS0_EEvRS1_PT_>:,RET,c3,
<_ZNKSt6vectorI6CSVRowSaIS0_EE8max_sizeEv>:,RET,c3,
<_ZNKSt6vectorI6CSVRowSaIS0_EE4sizeEv>:,RET,c3,
<_ZNSt6vectorI6CSVRowSaIS0_EE11_S_max_sizeERKS1_>:,RET,c3,
<_ZNKSt12_Vector_baseI6CSVRowSaIS0_EE19_M_get_Tp_allocatorEv>:,RET,c3,
<_ZNSt16allocator_traitsISaI6CSVRowEE8max_sizeERKS1_>:,RET,c3,
<_ZNK9__gnu_cxx13new_allocatorI6CSVRowE8max_sizeEv>:,RET,c3,
<_ZNK9__gnu_cxx13new_allocatorI6CSVRowE11_M_max_sizeEv>:,RET,c3,
<_ZNSt16allocator_traitsISaI6CSVRowEE8allocateERS1_m>:,RET,c3,
<_ZN9__gnu_cxx13new_allocatorI6CSVRowE8allocateEmPKv>:,RET,c3,
<_ZNSt6vectorI6CSVRowSaIS0_EE14_S_do_relocateEPS0_S3_S3_RS1_St17integral_constantIbLb1EE>:,RET,c3,
<_ZSt12__relocate_aIP6CSVRowS1_SaIS0_EET0_T_S4_S3_RT1_>:,RET,c3,
<_ZSt14__relocate_a_1IP6CSVRowS1_SaIS0_EET0_T_S4_S3_RT1_>:,RET,c3,
<_ZSt12__niter_baseIP6CSVRowET_S2_>:,RET,c3,
<_ZSt19__relocate_object_aI6CSVRowS0_SaIS0_EEvPT_PT0_RT1_>:,RET,c3,
<_ZNSt16allocator_traitsISaI6CSVRowEE9constructIS0_JS0_EEEvRS1_PT_DpOT0_>:,RET,c3,
<_ZSt4moveIR6CSVRowEONSt16remove_referenceIT_E4typeEOS3_>:,RET,c3,
<_ZN9__gnu_cxx13new_allocatorI6CSVRowE9constructIS1_JS1_EEEvPT_DpOT0_>:,RET,c3,
<_ZSt7forwardI6CSVRowEOT_RNSt16remove_referenceIS1_E4typeE>:,RET,c3,
<_ZN6CSVRowC2EOS_>:,RET,c3,
<_ZNSt6vectorINSt7__cxx1112basic_stringIcSt11char_traitsIcESaIcEEESaIS5_EEC2EOS7_>:,RET,c3,
<_ZNSt12_Vector_baseINSt7__cxx1112basic_stringIcSt11char_traitsIcESaIcEEESaIS5_EEC2EOS7_>:,RET,c3,
<_ZNSt12_Vector_baseINSt7__cxx1112basic_stringIcSt11char_traitsIcESaIcEEESaIS5_EE12_Vector_implC2EOS8_>:,RET,c3,
<_ZSt4moveIRNSt12_Vector_baseINSt7__cxx1112basic_stringIcSt11char_traitsIcESaIcEEESaIS6_EE12_Vector_implEEONSt16remove_referenceIT_E4typeEOSC_>:,RET,c3,
<_ZNSt12_Vector_baseINSt7__cxx1112basic_stringIcSt11char_traitsIcESaIcEEESaIS5_EE17_Vector_impl_dataC2EOS8_>:,RET,c3,
<_ZN9__gnu_cxx13new_allocatorI6CSVRowE7destroyIS1_EEvPT_>:,RET,c3,
<_ZN9__gnu_cxx17__normal_iteratorIP6CSVRowSt6vectorIS1_SaIS1_EEEC2ERKS2_>:,RET,c3,
<_ZN9__gnu_cxx17__normal_iteratorIPNSt7__cxx1112basic_stringIcSt11char_traitsIcESaIcEEESt6vectorIS6_SaIS6_EEEC2ERKS7_>:,RET,c3,
